pid,New Location
islandora:2140,https://doi.org/10.25314/5e94d820-678e-4d3a-9a97-51fb730d5cf5
islandora:482,https://digital.lib.sfu.ca/soundscapes-collection/vancouver-soundscapes
islandora:10697,https://doi.org/10.48410/zr57-m463
islandora:10706,https://doi.org/10.48410/zr57-m463
islandora:262,https://doi.org/10.25314/19c37dc7-f2ea-417f-b039-47b703c980c1
islandora:10698,https://doi.org/10.48410/zr57-m463
islandora:10711,https://doi.org/10.48410/zr57-m463
sfu:71,https://digital.lib.sfu.ca/islandora/object/pacificherring:1
islandora:382,https://doi.org/10.20383/102.0385
islandora:59,https://doi.org/10.25314/4a7d6724-995a-4768-ac10-216aafd0f7cf
islandora:10721,https://doi.org/10.25314/deaa8c06-69f5-41e0-bcdf-d1573360c8d9
islandora:9047,https://doi.org/10.48410/5sv8-r446
sfu:2709,https://doi.org/10.25314/98aeed01-3c5c-45a3-987c-cb7f73ef4202
islandora:9880,https://digital.lib.sfu.ca/soundscapes-collection/vancouver-soundscapes
islandora:10719,https://doi.org/10.25314/deaa8c06-69f5-41e0-bcdf-d1573360c8d9
islandora:9027,https://doi.org/10.25314/bd59a8ee-6c74-4dc9-b541-3b9e08dc4490
islandora:9028,https://doi.org/10.25314/bd59a8ee-6c74-4dc9-b541-3b9e08dc4490
islandora:10724,https://doi.org/10.25314/deaa8c06-69f5-41e0-bcdf-d1573360c8d9
islandora:10648,https://doi.org/10.25314/e55f116a-a0a3-4504-a274-377803ea0ea0
sfu:1511,https://doi.org/10.25314/20c155da-4fcb-4a3f-9672-f02f8e2e33be
islandora:10713,https://doi.org/10.48410/zr57-m463
islandora:9854,https://doi.org/10.25314/84625f2f-365f-4fb7-b455-a624edb9a7b5
islandora:9108,https://doi.org/10.25314/71358419-06df-4b07-a160-7913737ca28f
islandora:2148,https://doi.org/10.25314/8d3ba467-6e9a-49ff-940a-e448505e32a1
islandora:386,https://doi.org/10.25314/90483c89-11d2-42ec-929a-b90df0b0cbaf
islandora:9853,https://doi.org/10.25314/84625f2f-365f-4fb7-b455-a624edb9a7b5
sfu:2059,https://doi.org/10.25314/09b73bc7-eba0-48a6-bd38-c7f810f2b360
islandora:9073,https://doi.org/10.25314/ab37e3e1-7537-44ab-85be-b344b935ce93
islandora:10717,https://doi.org/10.25314/deaa8c06-69f5-41e0-bcdf-d1573360c8d9
islandora:10618,https://digital.lib.sfu.ca/soundscapes-collection/vancouver-soundscapes
islandora:387,https://doi.org/10.25314/90483c89-11d2-42ec-929a-b90df0b0cbaf
islandora:10700,https://doi.org/10.48410/zr57-m463
islandora:10720,https://doi.org/10.25314/deaa8c06-69f5-41e0-bcdf-d1573360c8d9
islandora:385,https://doi.org/10.25314/90483c89-11d2-42ec-929a-b90df0b0cbaf
islandora:10723,https://doi.org/10.25314/deaa8c06-69f5-41e0-bcdf-d1573360c8d9
islandora:9852,https://doi.org/10.25314/84625f2f-365f-4fb7-b455-a624edb9a7b5
islandora:10691,https://doi.org/10.48410/zr57-m463
islandora:10699,https://doi.org/10.48410/zr57-m463
islandora:384,https://doi.org/10.25314/90483c89-11d2-42ec-929a-b90df0b0cbaf
islandora:10722,https://doi.org/10.25314/deaa8c06-69f5-41e0-bcdf-d1573360c8d9
islandora:10801,https://doi.org/10.48410/zr57-m463
islandora:10802,https://doi.org/10.48410/zr57-m463
islandora:10806,https://doi.org/10.48410/zr57-m463
sfu:2835,https://doi.org/10.25314/bc040505-a546-45ec-8c54-dc962dd9091c
islandora:446,https://doi.org/10.25314/90483c89-11d2-42ec-929a-b90df0b0cbaf
sfu:1455,https://doi.org/10.25314/84625f2f-365f-4fb7-b455-a624edb9a7b5
sfu:2978,https://doi.org/10.25314/7d8efc0a-3943-4738-b7a5-72badb04d765
islandora:10882,https://doi.org/10.25314/88630bdb-0abd-4edd-be14-34166e0e892b
islandora:10832,https://doi.org/10.48410/7k1c-2h90
sfu:72,https://digital.lib.sfu.ca/islandora/object/pacificherring:2
islandora:10890,https://doi.org/10.25314/dc305c6b-72c4-40b2-aff5-51c8b6c22c55
sfu:2991,https://doi.org/10.25314/0645dee2-f6b7-4371-9f3a-60b31ffcd2aa
islandora:9022,https://doi.org/10.25314/bd59a8ee-6c74-4dc9-b541-3b9e08dc4490
sfu:1504,https://doi.org/10.25314/87c2db11-62a2-47a3-b395-3bbf9fb664f8
islandora:9912,https://digital.lib.sfu.ca/islandora/object/soundscapes:1428
islandora:9963,https://digital.lib.sfu.ca/islandora/object/soundscapes:1429
islandora:10013,https://digital.lib.sfu.ca/islandora/object/soundscapes:1430
islandora:10063,https://digital.lib.sfu.ca/islandora/object/soundscapes:1431
islandora:10113,https://digital.lib.sfu.ca/islandora/object/soundscapes:1432
islandora:10163,https://digital.lib.sfu.ca/islandora/object/soundscapes:1433
islandora:10213,https://digital.lib.sfu.ca/islandora/object/soundscapes:1434
islandora:10263,https://digital.lib.sfu.ca/islandora/object/soundscapes:1435
islandora:10313,https://digital.lib.sfu.ca/islandora/object/soundscapes:1436
islandora:10363,https://digital.lib.sfu.ca/islandora/object/soundscapes:1437
islandora:10413,https://digital.lib.sfu.ca/islandora/object/soundscapes:1438
islandora:10463,https://digital.lib.sfu.ca/islandora/object/soundscapes:1439
islandora:10513,https://digital.lib.sfu.ca/islandora/object/soundscapes:1440
islandora:10563,https://digital.lib.sfu.ca/islandora/object/soundscapes:1441
islandora:10613,https://digital.lib.sfu.ca/islandora/object/soundscapes:1442
islandora:10712,https://doi.org/10.48410/zr57-m463
islandora:10750,https://doi.org/10.25314/deaa8c06-69f5-41e0-bcdf-d1573360c8d9
sfu:2977,https://doi.org/10.25314/ea49062a-5cf6-4403-9918-539e15fd7b52
sfu:2992,https://doi.org/10.25314/0645dee2-f6b7-4371-9f3a-60b31ffcd2aa
sfu:2842,https://doi.org/10.25314/bc040505-a546-45ec-8c54-dc962dd9091c
sfu:2852,https://doi.org/10.25314/bc040505-a546-45ec-8c54-dc962dd9091c
islandora:10622,https://doi.org/10.25314/163df643-2cf3-49ec-924d-c33e6f5d2ef5
islandora:10617,https://digital.lib.sfu.ca/islandora/object/soundscapes:1443
islandora:10616,https://digital.lib.sfu.ca/islandora/object/soundscapes:1444
islandora:10614,https://digital.lib.sfu.ca/islandora/object/soundscapes:1445
islandora:10615,https://digital.lib.sfu.ca/islandora/object/soundscapes:1446
sfu:2722,https://doi.org/10.25314/d61c9cad-7a7f-4c77-89c7-2bc664bed00f
sfu:2724,https://doi.org/10.25314/ca0092b1-1e87-4928-b5f5-ebae30decb8d
islandora:10634,https://doi.org/10.25314/a0601979-cf5e-474a-921a-acbff698ed6e
islandora:10646,https://doi.org/10.25314/e55f116a-a0a3-4504-a274-377803ea0ea0
islandora:10647,https://doi.org/10.25314/e55f116a-a0a3-4504-a274-377803ea0ea0
islandora:10636,https://doi.org/10.25314/a0601979-cf5e-474a-921a-acbff698ed6e
islandora:10641,https://doi.org/10.25314/e55f116a-a0a3-4504-a274-377803ea0ea0
sfu:2711,https://doi.org/10.25314/98aeed01-3c5c-45a3-987c-cb7f73ef4202
islandora:10644,https://doi.org/10.25314/e55f116a-a0a3-4504-a274-377803ea0ea0
islandora:10645,https://doi.org/10.25314/e55f116a-a0a3-4504-a274-377803ea0ea0
sfu:2720,https://doi.org/10.25314/98aeed01-3c5c-45a3-987c-cb7f73ef4202
islandora:10707,https://doi.org/10.48410/zr57-m463
islandora:10705,https://doi.org/10.48410/zr57-m463
islandora:10708,https://doi.org/10.48410/zr57-m463
islandora:10710,https://doi.org/10.48410/zr57-m463
sfu:2838,https://doi.org/10.25314/bc040505-a546-45ec-8c54-dc962dd9091c
sfu:2839,https://doi.org/10.25314/bc040505-a546-45ec-8c54-dc962dd9091c
sfu:2836,https://doi.org/10.25314/bc040505-a546-45ec-8c54-dc962dd9091c
sfu:2837,https://doi.org/10.25314/bc040505-a546-45ec-8c54-dc962dd9091c
sfu:2854,https://doi.org/10.25314/bc040505-a546-45ec-8c54-dc962dd9091c
sfu:2856,https://doi.org/10.25314/bc040505-a546-45ec-8c54-dc962dd9091c
sfu:2851,https://doi.org/10.25314/bc040505-a546-45ec-8c54-dc962dd9091c
sfu:2853,https://doi.org/10.25314/bc040505-a546-45ec-8c54-dc962dd9091c
sfu:2848,https://doi.org/10.25314/bc040505-a546-45ec-8c54-dc962dd9091c
sfu:2847,https://doi.org/10.25314/bc040505-a546-45ec-8c54-dc962dd9091c
sfu:2846,https://doi.org/10.25314/bc040505-a546-45ec-8c54-dc962dd9091c
sfu:2845,https://doi.org/10.25314/bc040505-a546-45ec-8c54-dc962dd9091c
sfu:2843,https://doi.org/10.25314/bc040505-a546-45ec-8c54-dc962dd9091c
sfu:2844,https://doi.org/10.25314/bc040505-a546-45ec-8c54-dc962dd9091c
sfu:2840,https://doi.org/10.25314/bc040505-a546-45ec-8c54-dc962dd9091c
sfu:2841,https://doi.org/10.25314/bc040505-a546-45ec-8c54-dc962dd9091c
sfu:2850,https://doi.org/10.25314/bc040505-a546-45ec-8c54-dc962dd9091c
sfu:2849,https://doi.org/10.25314/bc040505-a546-45ec-8c54-dc962dd9091c
sfu:2855,https://doi.org/10.25314/bc040505-a546-45ec-8c54-dc962dd9091c
sfu:2857,https://doi.org/10.25314/bc040505-a546-45ec-8c54-dc962dd9091c
islandora:10727,https://doi.org/10.25314/deaa8c06-69f5-41e0-bcdf-d1573360c8d9
islandora:10718,https://doi.org/10.25314/deaa8c06-69f5-41e0-bcdf-d1573360c8d9
islandora:10729,https://doi.org/10.25314/deaa8c06-69f5-41e0-bcdf-d1573360c8d9
islandora:10725,https://doi.org/10.25314/deaa8c06-69f5-41e0-bcdf-d1573360c8d9
sfu:2859,https://doi.org/10.25314/bc040505-a546-45ec-8c54-dc962dd9091c
islandora:10726,https://doi.org/10.25314/deaa8c06-69f5-41e0-bcdf-d1573360c8d9
sfu:2858,https://doi.org/10.25314/bc040505-a546-45ec-8c54-dc962dd9091c
islandora:10739,https://doi.org/10.25314/deaa8c06-69f5-41e0-bcdf-d1573360c8d9
islandora:10738,https://doi.org/10.25314/deaa8c06-69f5-41e0-bcdf-d1573360c8d9
islandora:10732,https://doi.org/10.25314/deaa8c06-69f5-41e0-bcdf-d1573360c8d9
islandora:10731,https://doi.org/10.25314/deaa8c06-69f5-41e0-bcdf-d1573360c8d9
islandora:10734,https://doi.org/10.25314/deaa8c06-69f5-41e0-bcdf-d1573360c8d9
islandora:10736,https://doi.org/10.25314/deaa8c06-69f5-41e0-bcdf-d1573360c8d9
islandora:10735,https://doi.org/10.25314/deaa8c06-69f5-41e0-bcdf-d1573360c8d9
islandora:10737,https://doi.org/10.25314/deaa8c06-69f5-41e0-bcdf-d1573360c8d9
islandora:10730,https://doi.org/10.25314/deaa8c06-69f5-41e0-bcdf-d1573360c8d9
islandora:10733,https://doi.org/10.25314/deaa8c06-69f5-41e0-bcdf-d1573360c8d9
islandora:10746,https://doi.org/10.25314/deaa8c06-69f5-41e0-bcdf-d1573360c8d9
islandora:10748,https://doi.org/10.25314/deaa8c06-69f5-41e0-bcdf-d1573360c8d9
islandora:10749,https://doi.org/10.25314/deaa8c06-69f5-41e0-bcdf-d1573360c8d9
islandora:10752,https://doi.org/10.25314/deaa8c06-69f5-41e0-bcdf-d1573360c8d9
islandora:10745,https://doi.org/10.25314/deaa8c06-69f5-41e0-bcdf-d1573360c8d9
islandora:10744,https://doi.org/10.25314/deaa8c06-69f5-41e0-bcdf-d1573360c8d9
islandora:10747,https://doi.org/10.25314/deaa8c06-69f5-41e0-bcdf-d1573360c8d9
islandora:10751,https://doi.org/10.25314/deaa8c06-69f5-41e0-bcdf-d1573360c8d9
islandora:10742,https://doi.org/10.25314/deaa8c06-69f5-41e0-bcdf-d1573360c8d9
islandora:10740,https://doi.org/10.25314/deaa8c06-69f5-41e0-bcdf-d1573360c8d9
islandora:10743,https://doi.org/10.25314/deaa8c06-69f5-41e0-bcdf-d1573360c8d9
islandora:10741,https://doi.org/10.25314/deaa8c06-69f5-41e0-bcdf-d1573360c8d9
islandora:10761,https://doi.org/10.25314/deaa8c06-69f5-41e0-bcdf-d1573360c8d9
islandora:10754,https://doi.org/10.25314/deaa8c06-69f5-41e0-bcdf-d1573360c8d9
islandora:10753,https://doi.org/10.25314/deaa8c06-69f5-41e0-bcdf-d1573360c8d9
islandora:10756,https://doi.org/10.25314/deaa8c06-69f5-41e0-bcdf-d1573360c8d9
islandora:10759,https://doi.org/10.25314/deaa8c06-69f5-41e0-bcdf-d1573360c8d9
islandora:10755,https://doi.org/10.25314/deaa8c06-69f5-41e0-bcdf-d1573360c8d9
islandora:10758,https://doi.org/10.25314/deaa8c06-69f5-41e0-bcdf-d1573360c8d9
islandora:10757,https://doi.org/10.25314/deaa8c06-69f5-41e0-bcdf-d1573360c8d9
islandora:10760,https://doi.org/10.25314/deaa8c06-69f5-41e0-bcdf-d1573360c8d9
islandora:10767,https://doi.org/10.25314/deaa8c06-69f5-41e0-bcdf-d1573360c8d9
islandora:10769,https://doi.org/10.25314/deaa8c06-69f5-41e0-bcdf-d1573360c8d9
islandora:10763,https://doi.org/10.25314/deaa8c06-69f5-41e0-bcdf-d1573360c8d9
islandora:10766,https://doi.org/10.25314/deaa8c06-69f5-41e0-bcdf-d1573360c8d9
islandora:10765,https://doi.org/10.25314/deaa8c06-69f5-41e0-bcdf-d1573360c8d9
islandora:10764,https://doi.org/10.25314/deaa8c06-69f5-41e0-bcdf-d1573360c8d9
islandora:10768,https://doi.org/10.25314/deaa8c06-69f5-41e0-bcdf-d1573360c8d9
islandora:10762,https://doi.org/10.25314/deaa8c06-69f5-41e0-bcdf-d1573360c8d9
islandora:10773,https://doi.org/10.25314/deaa8c06-69f5-41e0-bcdf-d1573360c8d9
islandora:10774,https://doi.org/10.25314/deaa8c06-69f5-41e0-bcdf-d1573360c8d9
islandora:10771,https://doi.org/10.25314/deaa8c06-69f5-41e0-bcdf-d1573360c8d9
islandora:10776,https://doi.org/10.25314/deaa8c06-69f5-41e0-bcdf-d1573360c8d9
islandora:10778,https://doi.org/10.25314/deaa8c06-69f5-41e0-bcdf-d1573360c8d9
islandora:10770,https://doi.org/10.25314/deaa8c06-69f5-41e0-bcdf-d1573360c8d9
islandora:10775,https://doi.org/10.25314/deaa8c06-69f5-41e0-bcdf-d1573360c8d9
islandora:10772,https://doi.org/10.25314/deaa8c06-69f5-41e0-bcdf-d1573360c8d9
islandora:10787,https://doi.org/10.25314/deaa8c06-69f5-41e0-bcdf-d1573360c8d9
islandora:10780,https://doi.org/10.25314/deaa8c06-69f5-41e0-bcdf-d1573360c8d9
islandora:10783,https://doi.org/10.25314/deaa8c06-69f5-41e0-bcdf-d1573360c8d9
islandora:10779,https://doi.org/10.25314/deaa8c06-69f5-41e0-bcdf-d1573360c8d9
islandora:10786,https://doi.org/10.25314/deaa8c06-69f5-41e0-bcdf-d1573360c8d9
islandora:10782,https://doi.org/10.25314/deaa8c06-69f5-41e0-bcdf-d1573360c8d9
islandora:10784,https://doi.org/10.25314/deaa8c06-69f5-41e0-bcdf-d1573360c8d9
islandora:10785,https://doi.org/10.25314/deaa8c06-69f5-41e0-bcdf-d1573360c8d9
islandora:10781,https://doi.org/10.25314/deaa8c06-69f5-41e0-bcdf-d1573360c8d9
islandora:10799,https://doi.org/10.48410/fh2t-mm06
islandora:10793,https://doi.org/10.25314/ffb4a6f5-fc0f-44c5-bbe0-4c7a6db66722
islandora:10792,https://doi.org/10.25314/deaa8c06-69f5-41e0-bcdf-d1573360c8d9
islandora:10790,https://doi.org/10.25314/deaa8c06-69f5-41e0-bcdf-d1573360c8d9
islandora:10798,https://doi.org/10.48410/fh2t-mm06
islandora:10791,https://doi.org/10.25314/deaa8c06-69f5-41e0-bcdf-d1573360c8d9
islandora:10788,https://doi.org/10.25314/deaa8c06-69f5-41e0-bcdf-d1573360c8d9
islandora:10789,https://doi.org/10.25314/deaa8c06-69f5-41e0-bcdf-d1573360c8d9
islandora:10804,https://doi.org/10.48410/zr57-m463
islandora:10822,https://doi.org/10.25314/4c838002-7beb-49bf-a9fb-ae0363776223
islandora:10825,https://doi.org/10.25314/cb1b4281-ebe7-4886-b5c6-8d29a64edfcb
islandora:10807,https://doi.org/10.48410/zr57-m463
islandora:10813,https://doi.org/10.25314/bc040505-a546-45ec-8c54-dc962dd9091c
islandora:10814,https://doi.org/10.25314/bc040505-a546-45ec-8c54-dc962dd9091c
islandora:10819,https://doi.org/10.20383/102.0382
islandora:10821,https://doi.org/10.20383/102.0382
islandora:10817,https://doi.org/10.25314/8a9a45cf-7dfb-4180-adc3-5f33e5669415
islandora:10850,https://doi.org/10.48410/7k1c-2h90
islandora:10851,https://doi.org/10.48410/7k1c-2h90
islandora:10852,https://doi.org/10.48410/7k1c-2h90
islandora:10815,https://doi.org/10.25314/bc040505-a546-45ec-8c54-dc962dd9091c
islandora:10849,https://doi.org/10.48410/7k1c-2h90
islandora:10853,https://doi.org/10.48410/7k1c-2h90
islandora:10854,https://doi.org/10.48410/7k1c-2h90
islandora:10866,https://doi.org/10.48410/7k1c-2h90
islandora:10867,https://doi.org/10.48410/7k1c-2h90
islandora:10864,https://doi.org/10.48410/7k1c-2h90
islandora:10865,https://doi.org/10.48410/7k1c-2h90
islandora:10861,https://doi.org/10.48410/7k1c-2h90
islandora:10862,https://doi.org/10.48410/7k1c-2h90
islandora:10855,https://doi.org/10.48410/7k1c-2h90
islandora:10856,https://doi.org/10.48410/7k1c-2h90
islandora:10857,https://doi.org/10.48410/7k1c-2h90
islandora:10858,https://doi.org/10.48410/7k1c-2h90
islandora:10859,https://doi.org/10.48410/7k1c-2h90
islandora:10860,https://doi.org/10.48410/7k1c-2h90
islandora:10868,https://doi.org/10.48410/7k1c-2h90
islandora:10863,https://doi.org/10.48410/7k1c-2h90
islandora:10881,https://doi.org/10.25314/7d8efc0a-3943-4738-b7a5-72badb04d765
islandora:10883,https://doi.org/10.25314/88630bdb-0abd-4edd-be14-34166e0e892b
islandora:10874,https://doi.org/10.48410/7k1c-2h90
islandora:10875,https://doi.org/10.48410/7k1c-2h90
islandora:10884,https://doi.org/10.25314/88630bdb-0abd-4edd-be14-34166e0e892b
islandora:10885,https://doi.org/10.48410/7k1c-2h90
islandora:10872,https://doi.org/10.48410/7k1c-2h90
islandora:10873,https://doi.org/10.48410/7k1c-2h90
islandora:10870,https://doi.org/10.48410/7k1c-2h90
islandora:10871,https://doi.org/10.48410/7k1c-2h90
islandora:10878,https://doi.org/10.25314/7d8efc0a-3943-4738-b7a5-72badb04d765
islandora:10869,https://doi.org/10.48410/7k1c-2h90
islandora:10892,https://doi.org/10.25314/dc305c6b-72c4-40b2-aff5-51c8b6c22c55
islandora:10893,https://doi.org/10.25314/dc305c6b-72c4-40b2-aff5-51c8b6c22c55
islandora:10894,https://doi.org/10.25314/dc305c6b-72c4-40b2-aff5-51c8b6c22c55
islandora:10898,https://doi.org/10.25314/dc305c6b-72c4-40b2-aff5-51c8b6c22c55
islandora:10899,https://doi.org/10.25314/dc305c6b-72c4-40b2-aff5-51c8b6c22c55
sfu:2990,https://doi.org/10.25314/8704b24e-8377-4c5b-be08-1925c9eb9bce
islandora:10896,https://doi.org/10.25314/dc305c6b-72c4-40b2-aff5-51c8b6c22c55
islandora:10897,https://doi.org/10.25314/dc305c6b-72c4-40b2-aff5-51c8b6c22c55
islandora:10886,https://doi.org/10.25314/5089ab2f-5583-4675-8484-8446c0d9a701
islandora:10891,https://doi.org/10.25314/dc305c6b-72c4-40b2-aff5-51c8b6c22c55
islandora:10895,https://doi.org/10.25314/dc305c6b-72c4-40b2-aff5-51c8b6c22c55
sfu:2993,https://doi.org/10.25314/0645dee2-f6b7-4371-9f3a-60b31ffcd2aa
sfu:2994,https://doi.org/10.25314/0645dee2-f6b7-4371-9f3a-60b31ffcd2aa
islandora:192,https://doi.org/10.25314/c056f40f-c13d-48e5-89d8-eb761af5e042
islandora:60,https://doi.org/10.25314/4a7d6724-995a-4768-ac10-216aafd0f7cf
islandora:79,https://doi.org/10.25314/ee44e69c-77e6-446e-9936-fe268b6d03b6
sfu:32,https://doi.org/10.25314/e84c37f2-7cba-40fe-ac91-9b636c88a515
sfu:41,https://digital.lib.sfu.ca/islandora/object/pacificherring:3
sfu:43,https://digital.lib.sfu.ca/islandora/object/pacificherring:4
islandora:62,https://doi.org/10.25314/4a7d6724-995a-4768-ac10-216aafd0f7cf
islandora:61,https://doi.org/10.25314/4a7d6724-995a-4768-ac10-216aafd0f7cf
sfu:42,https://digital.lib.sfu.ca/islandora/object/pacificherring:6
sfu:44,https://digital.lib.sfu.ca/islandora/object/pacificherring:5
sfu:45,https://digital.lib.sfu.ca/islandora/object/pacificherring:13
sfu:55,https://digital.lib.sfu.ca/islandora/object/pacificherring:11
sfu:56,https://digital.lib.sfu.ca/islandora/object/pacificherring:12
sfu:51,https://digital.lib.sfu.ca/islandora/object/pacificherring:7
sfu:52,https://digital.lib.sfu.ca/islandora/object/pacificherring:16
sfu:47,https://digital.lib.sfu.ca/islandora/object/pacificherring:8
sfu:48,https://digital.lib.sfu.ca/islandora/object/pacificherring:9
sfu:57,https://digital.lib.sfu.ca/islandora/object/pacificherring:28
sfu:54,https://digital.lib.sfu.ca/islandora/object/pacificherring:10
sfu:53,https://digital.lib.sfu.ca/islandora/object/pacificherring:14
sfu:46,https://digital.lib.sfu.ca/islandora/object/pacificherring:17
sfu:50,https://digital.lib.sfu.ca/islandora/object/pacificherring:15
sfu:68,https://digital.lib.sfu.ca/islandora/object/pacificherring:19
sfu:69,https://digital.lib.sfu.ca/islandora/object/pacificherring:26
sfu:59,https://digital.lib.sfu.ca/islandora/object/pacificherring:21
sfu:60,https://digital.lib.sfu.ca/islandora/object/pacificherring:30
sfu:64,https://digital.lib.sfu.ca/islandora/object/pacificherring:22
sfu:65,https://digital.lib.sfu.ca/islandora/object/pacificherring:23
sfu:61,https://digital.lib.sfu.ca/islandora/object/pacificherring:24
sfu:62,https://digital.lib.sfu.ca/islandora/object/pacificherring:25
sfu:70,https://digital.lib.sfu.ca/islandora/object/pacificherring:35
sfu:66,https://digital.lib.sfu.ca/islandora/object/pacificherring:27
sfu:67,https://digital.lib.sfu.ca/islandora/object/pacificherring:18
sfu:58,https://digital.lib.sfu.ca/islandora/object/pacificherring:20
sfu:63,https://digital.lib.sfu.ca/islandora/object/pacificherring:29
sfu:75,https://digital.lib.sfu.ca/islandora/object/pacificherring:34
sfu:76,https://digital.lib.sfu.ca/islandora/object/pacificherring:39
sfu:78,https://digital.lib.sfu.ca/islandora/object/pacificherring:31
sfu:79,https://digital.lib.sfu.ca/islandora/object/pacificherring:32
islandora:319,https://doi.org/10.20383/102.0385
islandora:322,https://doi.org/10.20383/102.0385
islandora:324,https://doi.org/10.20383/102.0385
islandora:325,https://doi.org/10.20383/102.0385
sfu:73,https://digital.lib.sfu.ca/islandora/object/pacificherring:37
sfu:80,https://digital.lib.sfu.ca/islandora/object/pacificherring:38
sfu:77,https://digital.lib.sfu.ca/islandora/object/pacificherring:36
sfu:74,https://digital.lib.sfu.ca/islandora/object/pacificherring:33
islandora:323,https://doi.org/10.20383/102.0385
islandora:414,https://doi.org/10.25314/90483c89-11d2-42ec-929a-b90df0b0cbaf
islandora:415,https://doi.org/10.25314/90483c89-11d2-42ec-929a-b90df0b0cbaf
islandora:416,https://doi.org/10.25314/90483c89-11d2-42ec-929a-b90df0b0cbaf
islandora:413,https://doi.org/10.25314/90483c89-11d2-42ec-929a-b90df0b0cbaf
islandora:330,https://doi.org/10.20383/102.0385
islandora:328,https://doi.org/10.20383/102.0385
islandora:329,https://doi.org/10.20383/102.0385
islandora:326,https://doi.org/10.20383/102.0385
islandora:327,https://doi.org/10.20383/102.0385
islandora:420,https://doi.org/10.25314/90483c89-11d2-42ec-929a-b90df0b0cbaf
islandora:422,https://doi.org/10.25314/90483c89-11d2-42ec-929a-b90df0b0cbaf
islandora:421,https://doi.org/10.25314/90483c89-11d2-42ec-929a-b90df0b0cbaf
islandora:419,https://doi.org/10.25314/90483c89-11d2-42ec-929a-b90df0b0cbaf
islandora:417,https://doi.org/10.25314/90483c89-11d2-42ec-929a-b90df0b0cbaf
islandora:418,https://doi.org/10.25314/90483c89-11d2-42ec-929a-b90df0b0cbaf
islandora:425,https://doi.org/10.25314/90483c89-11d2-42ec-929a-b90df0b0cbaf
islandora:424,https://doi.org/10.25314/90483c89-11d2-42ec-929a-b90df0b0cbaf
islandora:432,https://doi.org/10.25314/90483c89-11d2-42ec-929a-b90df0b0cbaf
islandora:426,https://doi.org/10.25314/90483c89-11d2-42ec-929a-b90df0b0cbaf
islandora:430,https://doi.org/10.25314/90483c89-11d2-42ec-929a-b90df0b0cbaf
islandora:428,https://doi.org/10.25314/90483c89-11d2-42ec-929a-b90df0b0cbaf
islandora:431,https://doi.org/10.25314/90483c89-11d2-42ec-929a-b90df0b0cbaf
islandora:429,https://doi.org/10.25314/90483c89-11d2-42ec-929a-b90df0b0cbaf
islandora:433,https://doi.org/10.25314/90483c89-11d2-42ec-929a-b90df0b0cbaf
islandora:427,https://doi.org/10.25314/90483c89-11d2-42ec-929a-b90df0b0cbaf
islandora:443,https://doi.org/10.25314/90483c89-11d2-42ec-929a-b90df0b0cbaf
islandora:434,https://doi.org/10.25314/90483c89-11d2-42ec-929a-b90df0b0cbaf
islandora:442,https://doi.org/10.25314/90483c89-11d2-42ec-929a-b90df0b0cbaf
islandora:441,https://doi.org/10.25314/90483c89-11d2-42ec-929a-b90df0b0cbaf
islandora:440,https://doi.org/10.25314/90483c89-11d2-42ec-929a-b90df0b0cbaf
islandora:438,https://doi.org/10.25314/90483c89-11d2-42ec-929a-b90df0b0cbaf
islandora:439,https://doi.org/10.25314/90483c89-11d2-42ec-929a-b90df0b0cbaf
islandora:437,https://doi.org/10.25314/90483c89-11d2-42ec-929a-b90df0b0cbaf
islandora:436,https://doi.org/10.25314/90483c89-11d2-42ec-929a-b90df0b0cbaf
islandora:2088,https://doi.org/10.25314/038d10eb-4c4a-47a6-88ba-b41929d6f578
islandora:2141,https://doi.org/10.25314/5e94d820-678e-4d3a-9a97-51fb730d5cf5
islandora:2115,https://doi.org/10.25314/26f3ec09-cf9f-4a28-9413-0d33f1eb3d96
islandora:445,https://doi.org/10.25314/90483c89-11d2-42ec-929a-b90df0b0cbaf
islandora:444,https://doi.org/10.25314/90483c89-11d2-42ec-929a-b90df0b0cbaf
islandora:495,https://doi.org/10.25314/9d486105-bcf9-45d3-85d3-2f939f9f14b4
islandora:460,https://doi.org/10.25314/92edc294-6172-4846-a192-c06630c8748d
islandora:2033,https://doi.org/10.25314/367690f3-7987-4c10-82d0-72a7419632bd
sfu:88,https://doi.org/10.25314/8d3ba467-6e9a-49ff-940a-e448505e32a1
sfu:91,https://doi.org/10.25314/8d3ba467-6e9a-49ff-940a-e448505e32a1
sfu:89,https://doi.org/10.25314/8d3ba467-6e9a-49ff-940a-e448505e32a1
sfu:87,https://doi.org/10.25314/8d3ba467-6e9a-49ff-940a-e448505e32a1
sfu:90,https://doi.org/10.25314/8d3ba467-6e9a-49ff-940a-e448505e32a1
islandora:2143,https://doi.org/10.25314/5e94d820-678e-4d3a-9a97-51fb730d5cf5
islandora:2144,https://doi.org/10.25314/5e94d820-678e-4d3a-9a97-51fb730d5cf5
sfu:85,https://doi.org/10.25314/8d3ba467-6e9a-49ff-940a-e448505e32a1
islandora:2142,https://doi.org/10.25314/5e94d820-678e-4d3a-9a97-51fb730d5cf5
sfu:99,https://doi.org/10.25314/8d3ba467-6e9a-49ff-940a-e448505e32a1
sfu:94,https://doi.org/10.25314/8d3ba467-6e9a-49ff-940a-e448505e32a1
sfu:93,https://doi.org/10.25314/8d3ba467-6e9a-49ff-940a-e448505e32a1
sfu:97,https://doi.org/10.25314/8d3ba467-6e9a-49ff-940a-e448505e32a1
sfu:92,https://doi.org/10.25314/8d3ba467-6e9a-49ff-940a-e448505e32a1
sfu:95,https://doi.org/10.25314/8d3ba467-6e9a-49ff-940a-e448505e32a1
sfu:98,https://doi.org/10.25314/8d3ba467-6e9a-49ff-940a-e448505e32a1
sfu:96,https://doi.org/10.25314/8d3ba467-6e9a-49ff-940a-e448505e32a1
sfu:124,https://doi.org/10.25314/4d7cbac3-eeaa-4fd3-b19c-3f7ceae54c38
islandora:9025,https://doi.org/10.25314/bd59a8ee-6c74-4dc9-b541-3b9e08dc4490
sfu:1376,https://doi.org/10.25314/bd59a8ee-6c74-4dc9-b541-3b9e08dc4490
sfu:1371,https://doi.org/10.25314/bd59a8ee-6c74-4dc9-b541-3b9e08dc4490
sfu:1362,https://doi.org/10.25314/bd59a8ee-6c74-4dc9-b541-3b9e08dc4490
sfu:1375,https://doi.org/10.25314/bd59a8ee-6c74-4dc9-b541-3b9e08dc4490
sfu:1370,https://doi.org/10.25314/bd59a8ee-6c74-4dc9-b541-3b9e08dc4490
sfu:1372,https://doi.org/10.25314/bd59a8ee-6c74-4dc9-b541-3b9e08dc4490
sfu:1373,https://doi.org/10.25314/bd59a8ee-6c74-4dc9-b541-3b9e08dc4490
islandora:9071,https://doi.org/10.25314/ab37e3e1-7537-44ab-85be-b344b935ce93
islandora:9094,https://doi.org/10.25314/ab37e3e1-7537-44ab-85be-b344b935ce93
sfu:1379,https://doi.org/10.48410/5sv8-r446
sfu:1380,https://doi.org/10.48410/5sv8-r446
islandora:9085,https://doi.org/10.25314/35954791-2754-47d7-893a-39430535dfdd
islandora:9092,https://doi.org/10.25314/ab37e3e1-7537-44ab-85be-b344b935ce93
sfu:1381,https://doi.org/10.48410/5sv8-r446
islandora:9051,https://doi.org/10.25314/290ed60d-d344-4cb3-9408-ea19d062214d
sfu:1378,https://doi.org/10.48410/5sv8-r446
islandora:9106,https://doi.org/10.25314/f69396eb-86d1-4aac-9308-dcee7d7d6059
islandora:9109,https://doi.org/10.25314/71358419-06df-4b07-a160-7913737ca28f
sfu:1461,https://doi.org/10.25314/84625f2f-365f-4fb7-b455-a624edb9a7b5
sfu:1453,https://doi.org/10.25314/84625f2f-365f-4fb7-b455-a624edb9a7b5
sfu:1454,https://doi.org/10.25314/84625f2f-365f-4fb7-b455-a624edb9a7b5
islandora:9095,https://doi.org/10.25314/ab37e3e1-7537-44ab-85be-b344b935ce93
islandora:9841,https://doi.org/10.25314/0818f124-c512-4dd3-8744-beb0c1b3e800
sfu:1452,https://doi.org/10.25314/84625f2f-365f-4fb7-b455-a624edb9a7b5
sfu:1492,https://doi.org/10.25314/84625f2f-365f-4fb7-b455-a624edb9a7b5
sfu:1489,https://doi.org/10.25314/84625f2f-365f-4fb7-b455-a624edb9a7b5
sfu:1490,https://doi.org/10.25314/84625f2f-365f-4fb7-b455-a624edb9a7b5
sfu:1491,https://doi.org/10.25314/84625f2f-365f-4fb7-b455-a624edb9a7b5
sfu:1477,https://doi.org/10.25314/84625f2f-365f-4fb7-b455-a624edb9a7b5
sfu:1479,https://doi.org/10.25314/84625f2f-365f-4fb7-b455-a624edb9a7b5
sfu:1473,https://doi.org/10.25314/84625f2f-365f-4fb7-b455-a624edb9a7b5
sfu:1471,https://doi.org/10.25314/84625f2f-365f-4fb7-b455-a624edb9a7b5
sfu:1494,https://doi.org/10.25314/84625f2f-365f-4fb7-b455-a624edb9a7b5
sfu:1493,https://doi.org/10.25314/84625f2f-365f-4fb7-b455-a624edb9a7b5
sfu:1495,https://doi.org/10.25314/84625f2f-365f-4fb7-b455-a624edb9a7b5
sfu:1496,https://doi.org/10.25314/84625f2f-365f-4fb7-b455-a624edb9a7b5
islandora:9856,https://doi.org/10.25314/84625f2f-365f-4fb7-b455-a624edb9a7b5
islandora:9862,https://doi.org/10.20383/102.0387
sfu:1497,https://doi.org/10.25314/84625f2f-365f-4fb7-b455-a624edb9a7b5
islandora:9851,https://doi.org/10.25314/84625f2f-365f-4fb7-b455-a624edb9a7b5
sfu:1502,https://doi.org/10.25314/84625f2f-365f-4fb7-b455-a624edb9a7b5
sfu:1506,https://doi.org/10.25314/87c2db11-62a2-47a3-b395-3bbf9fb664f8
sfu:1505,https://doi.org/10.25314/87c2db11-62a2-47a3-b395-3bbf9fb664f8
sfu:1542,https://doi.org/10.25314/20c155da-4fcb-4a3f-9672-f02f8e2e33be
sfu:1540,https://doi.org/10.25314/20c155da-4fcb-4a3f-9672-f02f8e2e33be
sfu:1541,https://doi.org/10.25314/20c155da-4fcb-4a3f-9672-f02f8e2e33be
sfu:1509,https://doi.org/10.25314/87c2db11-62a2-47a3-b395-3bbf9fb664f8
sfu:1510,https://doi.org/10.25314/d3bb4e11-f158-4be2-a0a2-c39baffc19fd
sfu:2125,https://doi.org/10.25314/09b73bc7-eba0-48a6-bd38-c7f810f2b360
sfu:1508,https://doi.org/10.25314/87c2db11-62a2-47a3-b395-3bbf9fb664f8
sfu:2130,https://doi.org/10.25314/09b73bc7-eba0-48a6-bd38-c7f810f2b360
islandora:9882,https://digital.lib.sfu.ca/islandora/object/soundscapes:3561
islandora:9874,https://doi.org/10.25314/20c155da-4fcb-4a3f-9672-f02f8e2e33be
islandora:9901,https://digital.lib.sfu.ca/islandora/object/soundscapes:1426
islandora:9897,https://digital.lib.sfu.ca/islandora/object/soundscapes:1449
islandora:9898,https://digital.lib.sfu.ca/islandora/object/soundscapes:1450
islandora:9875,https://doi.org/10.25314/20c155da-4fcb-4a3f-9672-f02f8e2e33be
islandora:9878,https://doi.org/10.48410/hpzf-8s48
islandora:9873,https://doi.org/10.25314/09b73bc7-eba0-48a6-bd38-c7f810f2b360
islandora:9900,https://digital.lib.sfu.ca/islandora/object/soundscapes:1425
islandora:9899,https://digital.lib.sfu.ca/islandora/object/soundscapes:1451
islandora:9896,https://digital.lib.sfu.ca/islandora/object/soundscapes:1452
islandora:9913,https://digital.lib.sfu.ca/islandora/object/soundscapes:1453
islandora:9903,https://digital.lib.sfu.ca/islandora/object/soundscapes:1447
islandora:9904,https://digital.lib.sfu.ca/islandora/object/soundscapes:1448
islandora:9908,https://digital.lib.sfu.ca/islandora/object/soundscapes:1454
islandora:9909,https://digital.lib.sfu.ca/islandora/object/soundscapes:1455
islandora:9911,https://digital.lib.sfu.ca/islandora/object/soundscapes:1456
islandora:9906,https://digital.lib.sfu.ca/islandora/object/soundscapes:1457
islandora:9902,https://digital.lib.sfu.ca/islandora/object/soundscapes:1427
islandora:9905,https://digital.lib.sfu.ca/islandora/object/soundscapes:1458
islandora:9907,https://digital.lib.sfu.ca/islandora/object/soundscapes:1459
islandora:9910,https://digital.lib.sfu.ca/islandora/object/soundscapes:1460
islandora:9923,https://digital.lib.sfu.ca/islandora/object/soundscapes:1461
islandora:9917,https://digital.lib.sfu.ca/islandora/object/soundscapes:1462
islandora:9918,https://digital.lib.sfu.ca/islandora/object/soundscapes:1463
islandora:9920,https://digital.lib.sfu.ca/islandora/object/soundscapes:1464
islandora:9914,https://digital.lib.sfu.ca/islandora/object/soundscapes:1465
islandora:9915,https://digital.lib.sfu.ca/islandora/object/soundscapes:1466
islandora:9921,https://digital.lib.sfu.ca/islandora/object/soundscapes:1467
islandora:9922,https://digital.lib.sfu.ca/soundscapes-collection/vancouver-soundscapes
islandora:9919,https://digital.lib.sfu.ca/islandora/object/soundscapes:1468
islandora:9916,https://digital.lib.sfu.ca/islandora/object/soundscapes:1469
islandora:9933,https://digital.lib.sfu.ca/islandora/object/soundscapes:1470
islandora:9934,https://digital.lib.sfu.ca/islandora/object/soundscapes:1471
islandora:9925,https://digital.lib.sfu.ca/islandora/object/soundscapes:1472
islandora:9926,https://digital.lib.sfu.ca/islandora/object/soundscapes:1473
islandora:9928,https://digital.lib.sfu.ca/islandora/object/soundscapes:1474
islandora:9924,https://digital.lib.sfu.ca/islandora/object/soundscapes:1475
islandora:9929,https://digital.lib.sfu.ca/islandora/object/soundscapes:1476
islandora:9930,https://digital.lib.sfu.ca/islandora/object/soundscapes:1477
islandora:9927,https://digital.lib.sfu.ca/islandora/object/soundscapes:1478
islandora:9931,https://digital.lib.sfu.ca/islandora/object/soundscapes:1479
islandora:9932,https://digital.lib.sfu.ca/islandora/object/soundscapes:1480
islandora:9941,https://digital.lib.sfu.ca/islandora/object/soundscapes:1481
islandora:9942,https://digital.lib.sfu.ca/islandora/object/soundscapes:1482
islandora:9945,https://digital.lib.sfu.ca/islandora/object/soundscapes:1483
islandora:9939,https://digital.lib.sfu.ca/islandora/object/soundscapes:1484
islandora:9940,https://digital.lib.sfu.ca/islandora/object/soundscapes:1485
islandora:9936,https://digital.lib.sfu.ca/islandora/object/soundscapes:1486
islandora:9944,https://digital.lib.sfu.ca/islandora/object/soundscapes:1487
islandora:9935,https://digital.lib.sfu.ca/islandora/object/soundscapes:1488
islandora:9938,https://digital.lib.sfu.ca/islandora/object/soundscapes:1489
islandora:9943,https://digital.lib.sfu.ca/islandora/object/soundscapes:1490
islandora:9937,https://digital.lib.sfu.ca/islandora/object/soundscapes:1491
islandora:9948,https://digital.lib.sfu.ca/islandora/object/soundscapes:1492
islandora:9949,https://digital.lib.sfu.ca/islandora/object/soundscapes:1493
islandora:9952,https://digital.lib.sfu.ca/islandora/object/soundscapes:1494
islandora:9953,https://digital.lib.sfu.ca/islandora/object/soundscapes:1495
islandora:9958,https://digital.lib.sfu.ca/islandora/object/soundscapes:1496
islandora:9956,https://digital.lib.sfu.ca/islandora/object/soundscapes:1497
islandora:9957,https://digital.lib.sfu.ca/islandora/object/soundscapes:1498
islandora:9946,https://digital.lib.sfu.ca/islandora/object/soundscapes:1499
islandora:9950,https://digital.lib.sfu.ca/islandora/object/soundscapes:1500
islandora:9951,https://digital.lib.sfu.ca/islandora/object/soundscapes:1501
islandora:9954,https://digital.lib.sfu.ca/islandora/object/soundscapes:1502
islandora:9955,https://digital.lib.sfu.ca/islandora/object/soundscapes:1503
islandora:9969,https://digital.lib.sfu.ca/islandora/object/soundscapes:1504
islandora:9960,https://digital.lib.sfu.ca/islandora/object/soundscapes:1505
islandora:9961,https://digital.lib.sfu.ca/islandora/object/soundscapes:1506
islandora:9966,https://digital.lib.sfu.ca/islandora/object/soundscapes:1507
islandora:9962,https://digital.lib.sfu.ca/islandora/object/soundscapes:1508
islandora:9965,https://digital.lib.sfu.ca/islandora/object/soundscapes:1509
islandora:9968,https://digital.lib.sfu.ca/islandora/object/soundscapes:1510
islandora:9967,https://digital.lib.sfu.ca/islandora/object/soundscapes:1511
islandora:9964,https://digital.lib.sfu.ca/islandora/object/soundscapes:1512
islandora:9959,https://digital.lib.sfu.ca/islandora/object/soundscapes:1513
islandora:9979,https://digital.lib.sfu.ca/islandora/object/soundscapes:1514
islandora:9976,https://digital.lib.sfu.ca/islandora/object/soundscapes:1515
islandora:9971,https://digital.lib.sfu.ca/islandora/object/soundscapes:1516
islandora:9972,https://digital.lib.sfu.ca/islandora/object/soundscapes:1517
islandora:9978,https://digital.lib.sfu.ca/islandora/object/soundscapes:1518
islandora:9970,https://digital.lib.sfu.ca/islandora/object/soundscapes:1519
islandora:9977,https://digital.lib.sfu.ca/islandora/object/soundscapes:1520
islandora:9974,https://digital.lib.sfu.ca/islandora/object/soundscapes:1521
islandora:9975,https://digital.lib.sfu.ca/islandora/object/soundscapes:1522
islandora:9973,https://digital.lib.sfu.ca/islandora/object/soundscapes:1523
islandora:9988,https://digital.lib.sfu.ca/islandora/object/soundscapes:1524
islandora:9989,https://digital.lib.sfu.ca/islandora/object/soundscapes:1525
islandora:9990,https://digital.lib.sfu.ca/islandora/object/soundscapes:1526
islandora:9983,https://digital.lib.sfu.ca/islandora/object/soundscapes:1527
islandora:9984,https://digital.lib.sfu.ca/islandora/object/soundscapes:1528
islandora:9980,https://digital.lib.sfu.ca/islandora/object/soundscapes:1529
islandora:9982,https://digital.lib.sfu.ca/islandora/object/soundscapes:1530
islandora:9981,https://digital.lib.sfu.ca/islandora/object/soundscapes:1531
islandora:9987,https://digital.lib.sfu.ca/islandora/object/soundscapes:1532
islandora:9986,https://digital.lib.sfu.ca/islandora/object/soundscapes:1533
islandora:9985,https://digital.lib.sfu.ca/islandora/object/soundscapes:1534
islandora:9998,https://digital.lib.sfu.ca/islandora/object/soundscapes:1535
islandora:9999,https://digital.lib.sfu.ca/islandora/object/soundscapes:1536
islandora:9994,https://digital.lib.sfu.ca/islandora/object/soundscapes:1537
islandora:9995,https://digital.lib.sfu.ca/soundscapes-collection/vancouver-soundscapes
islandora:10001,https://digital.lib.sfu.ca/islandora/object/soundscapes:1538
islandora:9991,https://digital.lib.sfu.ca/islandora/object/soundscapes:1539
islandora:10000,https://digital.lib.sfu.ca/soundscapes-collection/vancouver-soundscapes
islandora:9992,https://digital.lib.sfu.ca/islandora/object/soundscapes:1540
islandora:9993,https://digital.lib.sfu.ca/islandora/object/soundscapes:1541
islandora:9996,https://digital.lib.sfu.ca/islandora/object/soundscapes:1542
islandora:9997,https://digital.lib.sfu.ca/islandora/object/soundscapes:1543
islandora:10012,https://digital.lib.sfu.ca/islandora/object/soundscapes:1544
islandora:10002,https://digital.lib.sfu.ca/islandora/object/soundscapes:1545
islandora:10003,https://digital.lib.sfu.ca/islandora/object/soundscapes:1546
islandora:10005,https://digital.lib.sfu.ca/islandora/object/soundscapes:1547
islandora:10006,https://digital.lib.sfu.ca/islandora/object/soundscapes:1548
islandora:10009,https://digital.lib.sfu.ca/islandora/object/soundscapes:1549
islandora:10008,https://digital.lib.sfu.ca/islandora/object/soundscapes:1550
islandora:10010,https://digital.lib.sfu.ca/islandora/object/soundscapes:1551
islandora:10011,https://digital.lib.sfu.ca/islandora/object/soundscapes:1552
islandora:10007,https://digital.lib.sfu.ca/islandora/object/soundscapes:1553
islandora:10004,https://digital.lib.sfu.ca/islandora/object/soundscapes:1554
islandora:10021,https://digital.lib.sfu.ca/islandora/object/soundscapes:1555
islandora:10022,https://digital.lib.sfu.ca/islandora/object/soundscapes:1556
islandora:10017,https://digital.lib.sfu.ca/islandora/object/soundscapes:1557
islandora:10018,https://digital.lib.sfu.ca/islandora/object/soundscapes:1558
islandora:10024,https://digital.lib.sfu.ca/islandora/object/soundscapes:1559
islandora:10014,https://digital.lib.sfu.ca/islandora/object/soundscapes:1560
islandora:10023,https://digital.lib.sfu.ca/islandora/object/soundscapes:1561
islandora:10015,https://digital.lib.sfu.ca/islandora/object/soundscapes:1562
islandora:10019,https://digital.lib.sfu.ca/islandora/object/soundscapes:1563
islandora:10016,https://digital.lib.sfu.ca/islandora/object/soundscapes:1564
islandora:10020,https://digital.lib.sfu.ca/islandora/object/soundscapes:1565
islandora:10025,https://digital.lib.sfu.ca/islandora/object/soundscapes:1566
islandora:10026,https://digital.lib.sfu.ca/islandora/object/soundscapes:1567
islandora:10036,https://digital.lib.sfu.ca/islandora/object/soundscapes:1568
islandora:10032,https://digital.lib.sfu.ca/islandora/object/soundscapes:1569
islandora:10033,https://digital.lib.sfu.ca/islandora/object/soundscapes:1570
islandora:10028,https://digital.lib.sfu.ca/islandora/object/soundscapes:1571
islandora:10029,https://digital.lib.sfu.ca/islandora/object/soundscapes:1572
islandora:10035,https://digital.lib.sfu.ca/islandora/object/soundscapes:1573
islandora:10034,https://digital.lib.sfu.ca/islandora/object/soundscapes:1574
islandora:10031,https://digital.lib.sfu.ca/islandora/object/soundscapes:1575
islandora:10030,https://digital.lib.sfu.ca/islandora/object/soundscapes:1576
islandora:10027,https://digital.lib.sfu.ca/islandora/object/soundscapes:1577
islandora:10039,https://digital.lib.sfu.ca/islandora/object/soundscapes:1578
islandora:10040,https://digital.lib.sfu.ca/islandora/object/soundscapes:1579
islandora:10046,https://digital.lib.sfu.ca/islandora/object/soundscapes:1580
islandora:10047,https://digital.lib.sfu.ca/islandora/object/soundscapes:1581
islandora:10044,https://digital.lib.sfu.ca/islandora/object/soundscapes:1582
islandora:10037,https://digital.lib.sfu.ca/islandora/object/soundscapes:1583
islandora:10041,https://digital.lib.sfu.ca/islandora/object/soundscapes:1584
islandora:10045,https://digital.lib.sfu.ca/islandora/object/soundscapes:1585
islandora:10038,https://digital.lib.sfu.ca/islandora/object/soundscapes:1586
islandora:10042,https://digital.lib.sfu.ca/islandora/object/soundscapes:1587
islandora:10043,https://digital.lib.sfu.ca/islandora/object/soundscapes:1588
islandora:10057,https://digital.lib.sfu.ca/islandora/object/soundscapes:1589
islandora:10058,https://digital.lib.sfu.ca/islandora/object/soundscapes:1590
islandora:10053,https://digital.lib.sfu.ca/islandora/object/soundscapes:1591
islandora:10054,https://digital.lib.sfu.ca/islandora/object/soundscapes:1592
islandora:10059,https://digital.lib.sfu.ca/islandora/object/soundscapes:1593
islandora:10050,https://digital.lib.sfu.ca/islandora/object/soundscapes:1594
islandora:10051,https://digital.lib.sfu.ca/islandora/object/soundscapes:1595
islandora:10048,https://digital.lib.sfu.ca/islandora/object/soundscapes:1596
islandora:10055,https://digital.lib.sfu.ca/islandora/object/soundscapes:1597
islandora:10056,https://digital.lib.sfu.ca/islandora/object/soundscapes:1598
islandora:10049,https://digital.lib.sfu.ca/islandora/object/soundscapes:1599
islandora:10052,https://digital.lib.sfu.ca/islandora/object/soundscapes:1600
islandora:10061,https://digital.lib.sfu.ca/islandora/object/soundscapes:1601
islandora:10062,https://digital.lib.sfu.ca/islandora/object/soundscapes:1602
islandora:10071,https://digital.lib.sfu.ca/islandora/object/soundscapes:1603
islandora:10067,https://digital.lib.sfu.ca/islandora/object/soundscapes:1604
islandora:10068,https://digital.lib.sfu.ca/islandora/object/soundscapes:1605
islandora:10064,https://digital.lib.sfu.ca/islandora/object/soundscapes:1606
islandora:10070,https://digital.lib.sfu.ca/islandora/object/soundscapes:1607
islandora:10066,https://digital.lib.sfu.ca/islandora/object/soundscapes:1608
islandora:10065,https://digital.lib.sfu.ca/islandora/object/soundscapes:1609
islandora:10069,https://digital.lib.sfu.ca/islandora/object/soundscapes:1610
islandora:10060,https://digital.lib.sfu.ca/islandora/object/soundscapes:1611
islandora:10083,https://digital.lib.sfu.ca/islandora/object/soundscapes:1612
islandora:10077,https://digital.lib.sfu.ca/islandora/object/soundscapes:1613
islandora:10078,https://digital.lib.sfu.ca/islandora/object/soundscapes:1614
islandora:10073,https://digital.lib.sfu.ca/islandora/object/soundscapes:1615
islandora:10074,https://digital.lib.sfu.ca/islandora/object/soundscapes:1616
islandora:10080,https://digital.lib.sfu.ca/islandora/object/soundscapes:1617
islandora:10081,https://digital.lib.sfu.ca/islandora/object/soundscapes:1618
islandora:10072,https://digital.lib.sfu.ca/islandora/object/soundscapes:1619
islandora:10079,https://digital.lib.sfu.ca/islandora/object/soundscapes:1620
islandora:10075,https://digital.lib.sfu.ca/islandora/object/soundscapes:1621
islandora:10082,https://digital.lib.sfu.ca/islandora/object/soundscapes:1622
islandora:10076,https://digital.lib.sfu.ca/islandora/object/soundscapes:1623
islandora:10093,https://digital.lib.sfu.ca/soundscapes-collection/vancouver-soundscapes
islandora:10094,https://digital.lib.sfu.ca/soundscapes-collection/vancouver-soundscapes
islandora:10095,https://digital.lib.sfu.ca/islandora/object/soundscapes:1624
islandora:10088,https://digital.lib.sfu.ca/islandora/object/soundscapes:1625
islandora:10089,https://digital.lib.sfu.ca/islandora/object/soundscapes:1626
islandora:10085,https://digital.lib.sfu.ca/islandora/object/soundscapes:1627
islandora:10086,https://digital.lib.sfu.ca/islandora/object/soundscapes:1628
islandora:10084,https://digital.lib.sfu.ca/islandora/object/soundscapes:1629
islandora:10092,https://digital.lib.sfu.ca/islandora/object/soundscapes:1630
islandora:10091,https://digital.lib.sfu.ca/islandora/object/soundscapes:1631
islandora:10090,https://digital.lib.sfu.ca/islandora/object/soundscapes:1632
islandora:10087,https://digital.lib.sfu.ca/islandora/object/soundscapes:1633
islandora:10105,https://digital.lib.sfu.ca/islandora/object/soundscapes:1634
islandora:10106,https://digital.lib.sfu.ca/islandora/object/soundscapes:1635
islandora:10101,https://digital.lib.sfu.ca/islandora/object/soundscapes:1636
islandora:10102,https://digital.lib.sfu.ca/islandora/object/soundscapes:1637
islandora:10107,https://digital.lib.sfu.ca/islandora/object/soundscapes:1638
islandora:10098,https://digital.lib.sfu.ca/islandora/object/soundscapes:1639
islandora:10099,https://digital.lib.sfu.ca/islandora/object/soundscapes:1640
islandora:10096,https://digital.lib.sfu.ca/islandora/object/soundscapes:1641
islandora:10104,https://digital.lib.sfu.ca/islandora/object/soundscapes:1642
islandora:10103,https://digital.lib.sfu.ca/islandora/object/soundscapes:1643
islandora:10097,https://digital.lib.sfu.ca/islandora/object/soundscapes:1644
islandora:10100,https://digital.lib.sfu.ca/islandora/object/soundscapes:1645
islandora:10112,https://digital.lib.sfu.ca/islandora/object/soundscapes:1646
islandora:10118,https://digital.lib.sfu.ca/islandora/object/soundscapes:1647
islandora:10109,https://digital.lib.sfu.ca/islandora/object/soundscapes:1648
islandora:10110,https://digital.lib.sfu.ca/islandora/object/soundscapes:1649
islandora:10116,https://digital.lib.sfu.ca/islandora/object/soundscapes:1650
islandora:10115,https://digital.lib.sfu.ca/islandora/object/soundscapes:1651
islandora:10114,https://digital.lib.sfu.ca/islandora/object/soundscapes:1652
islandora:10117,https://digital.lib.sfu.ca/islandora/object/soundscapes:1653
islandora:10108,https://digital.lib.sfu.ca/islandora/object/soundscapes:1654
islandora:10111,https://digital.lib.sfu.ca/islandora/object/soundscapes:1655
islandora:10128,https://digital.lib.sfu.ca/islandora/object/soundscapes:1656
islandora:10121,https://digital.lib.sfu.ca/islandora/object/soundscapes:1657
islandora:10122,https://digital.lib.sfu.ca/islandora/object/soundscapes:1658
islandora:10119,https://digital.lib.sfu.ca/islandora/object/soundscapes:1659
islandora:10127,https://digital.lib.sfu.ca/islandora/object/soundscapes:1660
islandora:10126,https://digital.lib.sfu.ca/islandora/object/soundscapes:1661
islandora:10125,https://digital.lib.sfu.ca/islandora/object/soundscapes:1662
islandora:10124,https://digital.lib.sfu.ca/islandora/object/soundscapes:1663
islandora:10120,https://digital.lib.sfu.ca/islandora/object/soundscapes:1664
islandora:10123,https://digital.lib.sfu.ca/islandora/object/soundscapes:1665
islandora:10138,https://digital.lib.sfu.ca/islandora/object/soundscapes:1666
islandora:10131,https://digital.lib.sfu.ca/islandora/object/soundscapes:1667
islandora:10132,https://digital.lib.sfu.ca/islandora/object/soundscapes:1668
islandora:10137,https://digital.lib.sfu.ca/islandora/object/soundscapes:1669
islandora:10129,https://digital.lib.sfu.ca/islandora/object/soundscapes:1670
islandora:10136,https://digital.lib.sfu.ca/islandora/object/soundscapes:1671
islandora:10133,https://digital.lib.sfu.ca/islandora/object/soundscapes:1672
islandora:10130,https://digital.lib.sfu.ca/islandora/object/soundscapes:1673
islandora:10135,https://digital.lib.sfu.ca/islandora/object/soundscapes:1674
islandora:10134,https://digital.lib.sfu.ca/islandora/object/soundscapes:1675
islandora:10150,https://digital.lib.sfu.ca/islandora/object/soundscapes:1676
islandora:10140,https://digital.lib.sfu.ca/islandora/object/soundscapes:1677
islandora:10141,https://digital.lib.sfu.ca/islandora/object/soundscapes:1678
islandora:10147,https://digital.lib.sfu.ca/islandora/object/soundscapes:1679
islandora:10148,https://digital.lib.sfu.ca/islandora/object/soundscapes:1680
islandora:10145,https://digital.lib.sfu.ca/islandora/object/soundscapes:1681
islandora:10146,https://digital.lib.sfu.ca/islandora/object/soundscapes:1682
islandora:10139,https://digital.lib.sfu.ca/islandora/object/soundscapes:1683
islandora:10149,https://digital.lib.sfu.ca/islandora/object/soundscapes:1684
islandora:10144,https://digital.lib.sfu.ca/islandora/object/soundscapes:1685
islandora:10142,https://digital.lib.sfu.ca/islandora/object/soundscapes:1686
islandora:10143,https://digital.lib.sfu.ca/islandora/object/soundscapes:1687
islandora:10153,https://digital.lib.sfu.ca/islandora/object/soundscapes:1688
islandora:10154,https://digital.lib.sfu.ca/islandora/object/soundscapes:1689
islandora:10161,https://digital.lib.sfu.ca/islandora/object/soundscapes:1690
islandora:10157,https://digital.lib.sfu.ca/islandora/object/soundscapes:1691
islandora:10158,https://digital.lib.sfu.ca/islandora/object/soundscapes:1692
islandora:10151,https://digital.lib.sfu.ca/islandora/object/soundscapes:1693
islandora:10152,https://digital.lib.sfu.ca/islandora/object/soundscapes:1694
islandora:10160,https://digital.lib.sfu.ca/islandora/object/soundscapes:1695
islandora:10159,https://digital.lib.sfu.ca/islandora/object/soundscapes:1696
islandora:10156,https://digital.lib.sfu.ca/islandora/object/soundscapes:1697
islandora:10155,https://digital.lib.sfu.ca/islandora/object/soundscapes:1698
islandora:10162,https://digital.lib.sfu.ca/islandora/object/soundscapes:1699
islandora:10172,https://digital.lib.sfu.ca/islandora/object/soundscapes:1700
islandora:10168,https://digital.lib.sfu.ca/islandora/object/soundscapes:1701
islandora:10169,https://digital.lib.sfu.ca/islandora/object/soundscapes:1702
islandora:10171,https://digital.lib.sfu.ca/islandora/object/soundscapes:1703
islandora:10166,https://digital.lib.sfu.ca/islandora/object/soundscapes:1704
islandora:10167,https://digital.lib.sfu.ca/islandora/object/soundscapes:1705
islandora:10164,https://digital.lib.sfu.ca/islandora/object/soundscapes:1706
islandora:10170,https://digital.lib.sfu.ca/islandora/object/soundscapes:1707
islandora:10165,https://digital.lib.sfu.ca/islandora/object/soundscapes:1708
islandora:10182,https://digital.lib.sfu.ca/islandora/object/soundscapes:1709
islandora:10176,https://digital.lib.sfu.ca/islandora/object/soundscapes:1710
islandora:10177,https://digital.lib.sfu.ca/islandora/object/soundscapes:1711
islandora:10173,https://digital.lib.sfu.ca/islandora/object/soundscapes:1712
islandora:10181,https://digital.lib.sfu.ca/islandora/object/soundscapes:1713
islandora:10179,https://digital.lib.sfu.ca/islandora/object/soundscapes:1714
islandora:10180,https://digital.lib.sfu.ca/islandora/object/soundscapes:1715
islandora:10178,https://digital.lib.sfu.ca/islandora/object/soundscapes:1716
islandora:10174,https://digital.lib.sfu.ca/islandora/object/soundscapes:1717
islandora:10175,https://digital.lib.sfu.ca/islandora/object/soundscapes:1718
islandora:10192,https://digital.lib.sfu.ca/islandora/object/soundscapes:1719
islandora:10186,https://digital.lib.sfu.ca/islandora/object/soundscapes:1720
islandora:10187,https://digital.lib.sfu.ca/islandora/object/soundscapes:1721
islandora:10183,https://digital.lib.sfu.ca/islandora/object/soundscapes:1722
islandora:10191,https://digital.lib.sfu.ca/islandora/object/soundscapes:1723
islandora:10190,https://digital.lib.sfu.ca/islandora/object/soundscapes:1724
islandora:10189,https://digital.lib.sfu.ca/islandora/object/soundscapes:1725
islandora:10185,https://digital.lib.sfu.ca/islandora/object/soundscapes:1726
islandora:10184,https://digital.lib.sfu.ca/islandora/object/soundscapes:1727
islandora:10188,https://digital.lib.sfu.ca/islandora/object/soundscapes:1728
islandora:10194,https://digital.lib.sfu.ca/islandora/object/soundscapes:1729
islandora:10195,https://digital.lib.sfu.ca/islandora/object/soundscapes:1730
islandora:10204,https://digital.lib.sfu.ca/islandora/object/soundscapes:1731
islandora:10202,https://digital.lib.sfu.ca/islandora/object/soundscapes:1732
islandora:10203,https://digital.lib.sfu.ca/islandora/object/soundscapes:1733
islandora:10198,https://digital.lib.sfu.ca/islandora/object/soundscapes:1734
islandora:10199,https://digital.lib.sfu.ca/islandora/object/soundscapes:1735
islandora:10193,https://digital.lib.sfu.ca/islandora/object/soundscapes:1736
islandora:10201,https://digital.lib.sfu.ca/islandora/object/soundscapes:1737
islandora:10197,https://digital.lib.sfu.ca/islandora/object/soundscapes:1738
islandora:10200,https://digital.lib.sfu.ca/islandora/object/soundscapes:1739
islandora:10196,https://digital.lib.sfu.ca/islandora/object/soundscapes:1740
islandora:10207,https://digital.lib.sfu.ca/islandora/object/soundscapes:1741
islandora:10208,https://digital.lib.sfu.ca/islandora/object/soundscapes:1742
islandora:10211,https://digital.lib.sfu.ca/islandora/object/soundscapes:1743
islandora:10212,https://digital.lib.sfu.ca/islandora/object/soundscapes:1744
islandora:10214,https://digital.lib.sfu.ca/islandora/object/soundscapes:1745
islandora:10215,https://digital.lib.sfu.ca/islandora/object/soundscapes:1746
islandora:10205,https://digital.lib.sfu.ca/islandora/object/soundscapes:1747
islandora:10210,https://digital.lib.sfu.ca/islandora/object/soundscapes:1748
islandora:10209,https://digital.lib.sfu.ca/islandora/object/soundscapes:1749
islandora:10206,https://digital.lib.sfu.ca/islandora/object/soundscapes:1750
islandora:10225,https://digital.lib.sfu.ca/islandora/object/soundscapes:1751
islandora:10219,https://digital.lib.sfu.ca/islandora/object/soundscapes:1752
islandora:10220,https://digital.lib.sfu.ca/islandora/object/soundscapes:1753
islandora:10216,https://digital.lib.sfu.ca/islandora/object/soundscapes:1754
islandora:10217,https://digital.lib.sfu.ca/islandora/object/soundscapes:1755
islandora:10224,https://digital.lib.sfu.ca/islandora/object/soundscapes:1756
islandora:10222,https://digital.lib.sfu.ca/islandora/object/soundscapes:1757
islandora:10223,https://digital.lib.sfu.ca/islandora/object/soundscapes:1758
islandora:10218,https://digital.lib.sfu.ca/islandora/object/soundscapes:1759
islandora:10221,https://digital.lib.sfu.ca/islandora/object/soundscapes:1760
islandora:10235,https://digital.lib.sfu.ca/islandora/object/soundscapes:1761
islandora:10228,https://digital.lib.sfu.ca/islandora/object/soundscapes:1762
islandora:10229,https://digital.lib.sfu.ca/islandora/object/soundscapes:1763
islandora:10233,https://digital.lib.sfu.ca/islandora/object/soundscapes:1764
islandora:10234,https://digital.lib.sfu.ca/islandora/object/soundscapes:1765
islandora:10226,https://digital.lib.sfu.ca/islandora/object/soundscapes:1766
islandora:10230,https://digital.lib.sfu.ca/islandora/object/soundscapes:1767
islandora:10232,https://digital.lib.sfu.ca/islandora/object/soundscapes:1768
islandora:10231,https://digital.lib.sfu.ca/islandora/object/soundscapes:1769
islandora:10227,https://digital.lib.sfu.ca/islandora/object/soundscapes:1770
islandora:10245,https://digital.lib.sfu.ca/islandora/object/soundscapes:1771
islandora:10246,https://digital.lib.sfu.ca/islandora/object/soundscapes:1772
islandora:10238,https://digital.lib.sfu.ca/islandora/object/soundscapes:1773
islandora:10239,https://digital.lib.sfu.ca/islandora/object/soundscapes:1774
islandora:10236,https://digital.lib.sfu.ca/islandora/object/soundscapes:1775
islandora:10242,https://digital.lib.sfu.ca/islandora/object/soundscapes:1776
islandora:10243,https://digital.lib.sfu.ca/islandora/object/soundscapes:1777
islandora:10244,https://digital.lib.sfu.ca/islandora/object/soundscapes:1778
islandora:10241,https://digital.lib.sfu.ca/islandora/object/soundscapes:1779
islandora:10237,https://digital.lib.sfu.ca/islandora/object/soundscapes:1780
islandora:10240,https://digital.lib.sfu.ca/islandora/object/soundscapes:1781
islandora:10257,https://digital.lib.sfu.ca/islandora/object/soundscapes:1782
islandora:10255,https://digital.lib.sfu.ca/islandora/object/soundscapes:1783
islandora:10256,https://digital.lib.sfu.ca/islandora/object/soundscapes:1784
islandora:10251,https://digital.lib.sfu.ca/islandora/object/soundscapes:1785
islandora:10252,https://digital.lib.sfu.ca/islandora/object/soundscapes:1786
islandora:10249,https://digital.lib.sfu.ca/islandora/object/soundscapes:1787
islandora:10247,https://digital.lib.sfu.ca/islandora/object/soundscapes:1788
islandora:10254,https://digital.lib.sfu.ca/islandora/object/soundscapes:1789
islandora:10250,https://digital.lib.sfu.ca/islandora/object/soundscapes:1790
islandora:10248,https://digital.lib.sfu.ca/islandora/object/soundscapes:1791
islandora:10253,https://digital.lib.sfu.ca/islandora/object/soundscapes:1792
islandora:10262,https://digital.lib.sfu.ca/islandora/object/soundscapes:1793
islandora:10267,https://digital.lib.sfu.ca/islandora/object/soundscapes:1794
islandora:10260,https://digital.lib.sfu.ca/islandora/object/soundscapes:1795
islandora:10265,https://digital.lib.sfu.ca/islandora/object/soundscapes:1796
islandora:10258,https://digital.lib.sfu.ca/islandora/object/soundscapes:1797
islandora:10266,https://digital.lib.sfu.ca/islandora/object/soundscapes:1798
islandora:10261,https://digital.lib.sfu.ca/islandora/object/soundscapes:1799
islandora:10264,https://digital.lib.sfu.ca/islandora/object/soundscapes:1800
islandora:10259,https://digital.lib.sfu.ca/islandora/object/soundscapes:1801
islandora:10278,https://digital.lib.sfu.ca/islandora/object/soundscapes:1802
islandora:10274,https://digital.lib.sfu.ca/islandora/object/soundscapes:1803
islandora:10275,https://digital.lib.sfu.ca/islandora/object/soundscapes:1804
islandora:10269,https://digital.lib.sfu.ca/islandora/object/soundscapes:1805
islandora:10270,https://digital.lib.sfu.ca/islandora/object/soundscapes:1806
islandora:10268,https://digital.lib.sfu.ca/islandora/object/soundscapes:1807
islandora:10277,https://digital.lib.sfu.ca/islandora/object/soundscapes:1808
islandora:10276,https://digital.lib.sfu.ca/islandora/object/soundscapes:1809
islandora:10273,https://digital.lib.sfu.ca/islandora/object/soundscapes:1810
islandora:10272,https://digital.lib.sfu.ca/islandora/object/soundscapes:1811
islandora:10271,https://digital.lib.sfu.ca/islandora/object/soundscapes:1812
islandora:10289,https://digital.lib.sfu.ca/islandora/object/soundscapes:1813
islandora:10284,https://digital.lib.sfu.ca/islandora/object/soundscapes:1814
islandora:10285,https://digital.lib.sfu.ca/islandora/object/soundscapes:1815
islandora:10281,https://digital.lib.sfu.ca/islandora/object/soundscapes:1816
islandora:10282,https://digital.lib.sfu.ca/islandora/object/soundscapes:1817
islandora:10279,https://digital.lib.sfu.ca/islandora/object/soundscapes:1818
islandora:10288,https://digital.lib.sfu.ca/islandora/object/soundscapes:1819
islandora:10287,https://digital.lib.sfu.ca/soundscapes-collection/vancouver-soundscapes
islandora:10280,https://digital.lib.sfu.ca/islandora/object/soundscapes:1820
islandora:10286,https://digital.lib.sfu.ca/islandora/object/soundscapes:1821
islandora:10283,https://digital.lib.sfu.ca/islandora/object/soundscapes:1822
islandora:10292,https://digital.lib.sfu.ca/islandora/object/soundscapes:1823
islandora:10293,https://digital.lib.sfu.ca/islandora/object/soundscapes:1824
islandora:10296,https://digital.lib.sfu.ca/islandora/object/soundscapes:1825
islandora:10297,https://digital.lib.sfu.ca/islandora/object/soundscapes:1826
islandora:10300,https://digital.lib.sfu.ca/islandora/object/soundscapes:1827
islandora:10301,https://digital.lib.sfu.ca/islandora/object/soundscapes:1828
islandora:10290,https://digital.lib.sfu.ca/islandora/object/soundscapes:1829
islandora:10294,https://digital.lib.sfu.ca/islandora/object/soundscapes:1830
islandora:10298,https://digital.lib.sfu.ca/islandora/object/soundscapes:1831
islandora:10299,https://digital.lib.sfu.ca/islandora/object/soundscapes:1832
islandora:10291,https://digital.lib.sfu.ca/islandora/object/soundscapes:1833
islandora:10295,https://digital.lib.sfu.ca/islandora/object/soundscapes:1834
islandora:10312,https://digital.lib.sfu.ca/islandora/object/soundscapes:1835
islandora:10308,https://digital.lib.sfu.ca/islandora/object/soundscapes:1836
islandora:10309,https://digital.lib.sfu.ca/islandora/object/soundscapes:1837
islandora:10304,https://digital.lib.sfu.ca/islandora/object/soundscapes:1838
islandora:10305,https://digital.lib.sfu.ca/islandora/object/soundscapes:1839
islandora:10302,https://digital.lib.sfu.ca/islandora/object/soundscapes:1840
islandora:10307,https://digital.lib.sfu.ca/islandora/object/soundscapes:1841
islandora:10311,https://digital.lib.sfu.ca/islandora/object/soundscapes:1842
islandora:10310,https://digital.lib.sfu.ca/islandora/object/soundscapes:1843
islandora:10306,https://digital.lib.sfu.ca/islandora/object/soundscapes:1844
islandora:10303,https://digital.lib.sfu.ca/islandora/object/soundscapes:1845
islandora:10320,https://digital.lib.sfu.ca/islandora/object/soundscapes:1846
islandora:10321,https://digital.lib.sfu.ca/islandora/object/soundscapes:1847
islandora:10323,https://digital.lib.sfu.ca/islandora/object/soundscapes:1848
islandora:10318,https://digital.lib.sfu.ca/islandora/object/soundscapes:1849
islandora:10314,https://digital.lib.sfu.ca/islandora/object/soundscapes:1850
islandora:10315,https://digital.lib.sfu.ca/islandora/object/soundscapes:1851
islandora:10322,https://digital.lib.sfu.ca/islandora/object/soundscapes:1852
islandora:10316,https://digital.lib.sfu.ca/islandora/object/soundscapes:1853
islandora:10319,https://digital.lib.sfu.ca/islandora/object/soundscapes:1854
islandora:10317,https://digital.lib.sfu.ca/islandora/object/soundscapes:1855
islandora:10325,https://digital.lib.sfu.ca/islandora/object/soundscapes:1856
islandora:10326,https://digital.lib.sfu.ca/islandora/object/soundscapes:1857
islandora:10332,https://digital.lib.sfu.ca/islandora/object/soundscapes:1858
islandora:10333,https://digital.lib.sfu.ca/islandora/object/soundscapes:1859
islandora:10335,https://digital.lib.sfu.ca/islandora/object/soundscapes:1860
islandora:10328,https://digital.lib.sfu.ca/islandora/object/soundscapes:1861
islandora:10329,https://digital.lib.sfu.ca/islandora/object/soundscapes:1862
islandora:10324,https://digital.lib.sfu.ca/islandora/object/soundscapes:1863
islandora:10330,https://digital.lib.sfu.ca/islandora/object/soundscapes:1864
islandora:10331,https://digital.lib.sfu.ca/islandora/object/soundscapes:1865
islandora:10327,https://digital.lib.sfu.ca/islandora/object/soundscapes:1866
islandora:10334,https://digital.lib.sfu.ca/islandora/object/soundscapes:1867
islandora:10337,https://digital.lib.sfu.ca/islandora/object/soundscapes:1868
islandora:10338,https://digital.lib.sfu.ca/islandora/object/soundscapes:1869
islandora:10342,https://digital.lib.sfu.ca/islandora/object/soundscapes:1870
islandora:10343,https://digital.lib.sfu.ca/islandora/object/soundscapes:1871
islandora:10346,https://digital.lib.sfu.ca/islandora/object/soundscapes:1872
islandora:10345,https://digital.lib.sfu.ca/islandora/object/soundscapes:1873
islandora:10340,https://digital.lib.sfu.ca/islandora/object/soundscapes:1874
islandora:10336,https://digital.lib.sfu.ca/islandora/object/soundscapes:1875
islandora:10339,https://digital.lib.sfu.ca/islandora/object/soundscapes:1876
islandora:10341,https://digital.lib.sfu.ca/islandora/object/soundscapes:1877
islandora:10344,https://digital.lib.sfu.ca/islandora/object/soundscapes:1878
islandora:10352,https://digital.lib.sfu.ca/islandora/object/soundscapes:1879
islandora:10353,https://digital.lib.sfu.ca/islandora/object/soundscapes:1880
islandora:10350,https://digital.lib.sfu.ca/islandora/object/soundscapes:1881
islandora:10351,https://digital.lib.sfu.ca/islandora/object/soundscapes:1882
islandora:10355,https://digital.lib.sfu.ca/islandora/object/soundscapes:1883
islandora:10356,https://digital.lib.sfu.ca/islandora/object/soundscapes:1884
islandora:10347,https://digital.lib.sfu.ca/islandora/object/soundscapes:1885
islandora:10348,https://digital.lib.sfu.ca/islandora/object/soundscapes:1886
islandora:10359,https://digital.lib.sfu.ca/islandora/object/soundscapes:1887
islandora:10360,https://digital.lib.sfu.ca/islandora/object/soundscapes:1888
islandora:10357,https://digital.lib.sfu.ca/islandora/object/soundscapes:1889
islandora:10358,https://digital.lib.sfu.ca/islandora/object/soundscapes:1890
islandora:10354,https://digital.lib.sfu.ca/islandora/object/soundscapes:1891
islandora:10349,https://digital.lib.sfu.ca/islandora/object/soundscapes:1892
islandora:10370,https://digital.lib.sfu.ca/islandora/object/soundscapes:1893
islandora:10371,https://digital.lib.sfu.ca/islandora/object/soundscapes:1894
islandora:10372,https://digital.lib.sfu.ca/islandora/object/soundscapes:1895
islandora:10366,https://digital.lib.sfu.ca/islandora/object/soundscapes:1896
islandora:10367,https://digital.lib.sfu.ca/islandora/object/soundscapes:1897
islandora:10362,https://digital.lib.sfu.ca/islandora/object/soundscapes:1898
islandora:10368,https://digital.lib.sfu.ca/islandora/object/soundscapes:1899
islandora:10369,https://digital.lib.sfu.ca/islandora/object/soundscapes:1900
islandora:10364,https://digital.lib.sfu.ca/islandora/object/soundscapes:1901
islandora:10365,https://digital.lib.sfu.ca/islandora/object/soundscapes:1902
islandora:10361,https://digital.lib.sfu.ca/islandora/object/soundscapes:1903
islandora:10378,https://digital.lib.sfu.ca/islandora/object/soundscapes:1904
islandora:10379,https://digital.lib.sfu.ca/islandora/object/soundscapes:1905
islandora:10384,https://digital.lib.sfu.ca/soundscapes-collection/vancouver-soundscapes
islandora:10382,https://digital.lib.sfu.ca/islandora/object/soundscapes:1906
islandora:10383,https://digital.lib.sfu.ca/islandora/object/soundscapes:1907
islandora:10374,https://digital.lib.sfu.ca/islandora/object/soundscapes:1908
islandora:10375,https://digital.lib.sfu.ca/islandora/object/soundscapes:1909
islandora:10373,https://digital.lib.sfu.ca/islandora/object/soundscapes:1910
islandora:10377,https://digital.lib.sfu.ca/islandora/object/soundscapes:1911
islandora:10381,https://digital.lib.sfu.ca/islandora/object/soundscapes:1912
islandora:10380,https://digital.lib.sfu.ca/soundscapes-collection/vancouver-soundscapes
islandora:10376,https://digital.lib.sfu.ca/islandora/object/soundscapes:1913
islandora:10394,https://digital.lib.sfu.ca/islandora/object/soundscapes:1914
islandora:10388,https://digital.lib.sfu.ca/islandora/object/soundscapes:1915
islandora:10389,https://digital.lib.sfu.ca/islandora/object/soundscapes:1916
islandora:10386,https://digital.lib.sfu.ca/islandora/object/soundscapes:1917
islandora:10391,https://digital.lib.sfu.ca/islandora/object/soundscapes:1918
islandora:10385,https://digital.lib.sfu.ca/islandora/object/soundscapes:1919
islandora:10390,https://digital.lib.sfu.ca/islandora/object/soundscapes:1920
islandora:10393,https://digital.lib.sfu.ca/islandora/object/soundscapes:1921
islandora:10392,https://digital.lib.sfu.ca/islandora/object/soundscapes:1922
islandora:10387,https://digital.lib.sfu.ca/islandora/object/soundscapes:1923
islandora:10406,https://digital.lib.sfu.ca/islandora/object/soundscapes:1924
islandora:10399,https://digital.lib.sfu.ca/islandora/object/soundscapes:1925
islandora:10400,https://digital.lib.sfu.ca/islandora/object/soundscapes:1926
islandora:10402,https://digital.lib.sfu.ca/islandora/object/soundscapes:1927
islandora:10403,https://digital.lib.sfu.ca/islandora/object/soundscapes:1928
islandora:10396,https://digital.lib.sfu.ca/islandora/object/soundscapes:1929
islandora:10397,https://digital.lib.sfu.ca/islandora/object/soundscapes:1930
islandora:10395,https://digital.lib.sfu.ca/islandora/object/soundscapes:1931
islandora:10404,https://digital.lib.sfu.ca/islandora/object/soundscapes:1932
islandora:10405,https://digital.lib.sfu.ca/islandora/object/soundscapes:1933
islandora:10398,https://digital.lib.sfu.ca/islandora/object/soundscapes:1934
islandora:10401,https://digital.lib.sfu.ca/islandora/object/soundscapes:1935
islandora:10417,https://digital.lib.sfu.ca/islandora/object/soundscapes:1936
islandora:10418,https://digital.lib.sfu.ca/islandora/object/soundscapes:1937
islandora:10407,https://digital.lib.sfu.ca/islandora/object/soundscapes:1938
islandora:10408,https://digital.lib.sfu.ca/islandora/object/soundscapes:1939
islandora:10419,https://digital.lib.sfu.ca/islandora/object/soundscapes:1940
islandora:10410,https://digital.lib.sfu.ca/soundscapes-collection/vancouver-soundscapes
islandora:10411,https://digital.lib.sfu.ca/islandora/object/soundscapes:1941
islandora:10412,https://digital.lib.sfu.ca/islandora/object/soundscapes:1942
islandora:10415,https://digital.lib.sfu.ca/islandora/object/soundscapes:1943
islandora:10416,https://digital.lib.sfu.ca/islandora/object/soundscapes:1944
islandora:10414,https://digital.lib.sfu.ca/islandora/object/soundscapes:1945
islandora:10409,https://digital.lib.sfu.ca/islandora/object/soundscapes:1946
islandora:10431,https://digital.lib.sfu.ca/islandora/object/soundscapes:1947
islandora:10421,https://digital.lib.sfu.ca/islandora/object/soundscapes:1948
islandora:10422,https://digital.lib.sfu.ca/islandora/object/soundscapes:1949
islandora:10424,https://digital.lib.sfu.ca/islandora/object/soundscapes:1950
islandora:10425,https://digital.lib.sfu.ca/islandora/object/soundscapes:1951
islandora:10428,https://digital.lib.sfu.ca/islandora/object/soundscapes:1952
islandora:10429,https://digital.lib.sfu.ca/islandora/object/soundscapes:1953
islandora:10420,https://digital.lib.sfu.ca/islandora/object/soundscapes:1954
islandora:10430,https://digital.lib.sfu.ca/islandora/object/soundscapes:1955
islandora:10427,https://digital.lib.sfu.ca/islandora/object/soundscapes:1956
islandora:10426,https://digital.lib.sfu.ca/islandora/object/soundscapes:1957
islandora:10423,https://digital.lib.sfu.ca/islandora/object/soundscapes:1958
islandora:10442,https://digital.lib.sfu.ca/islandora/object/soundscapes:1959
islandora:10434,https://digital.lib.sfu.ca/islandora/object/soundscapes:1960
islandora:10435,https://digital.lib.sfu.ca/islandora/object/soundscapes:1961
islandora:10438,https://digital.lib.sfu.ca/islandora/object/soundscapes:1962
islandora:10439,https://digital.lib.sfu.ca/islandora/object/soundscapes:1963
islandora:10432,https://digital.lib.sfu.ca/islandora/object/soundscapes:1964
islandora:10441,https://digital.lib.sfu.ca/islandora/object/soundscapes:1965
islandora:10440,https://digital.lib.sfu.ca/islandora/object/soundscapes:1966
islandora:10433,https://digital.lib.sfu.ca/islandora/object/soundscapes:1967
islandora:10436,https://digital.lib.sfu.ca/islandora/object/soundscapes:1968
islandora:10437,https://digital.lib.sfu.ca/islandora/object/soundscapes:1969
islandora:10454,https://digital.lib.sfu.ca/islandora/object/soundscapes:1970
islandora:10452,https://digital.lib.sfu.ca/islandora/object/soundscapes:1971
islandora:10453,https://digital.lib.sfu.ca/islandora/object/soundscapes:1972
islandora:10445,https://digital.lib.sfu.ca/islandora/object/soundscapes:1973
islandora:10446,https://digital.lib.sfu.ca/islandora/object/soundscapes:1974
islandora:10448,https://digital.lib.sfu.ca/islandora/object/soundscapes:1975
islandora:10449,https://digital.lib.sfu.ca/islandora/object/soundscapes:1976
islandora:10443,https://digital.lib.sfu.ca/islandora/object/soundscapes:1977
islandora:10444,https://digital.lib.sfu.ca/islandora/object/soundscapes:1978
islandora:10451,https://digital.lib.sfu.ca/islandora/object/soundscapes:1979
islandora:10450,https://digital.lib.sfu.ca/islandora/object/soundscapes:1980
islandora:10447,https://digital.lib.sfu.ca/islandora/object/soundscapes:1981
islandora:10466,https://digital.lib.sfu.ca/islandora/object/soundscapes:1982
islandora:10456,https://digital.lib.sfu.ca/islandora/object/soundscapes:1983
islandora:10457,https://digital.lib.sfu.ca/islandora/object/soundscapes:1984
islandora:10462,https://digital.lib.sfu.ca/islandora/object/soundscapes:1985
islandora:10459,https://digital.lib.sfu.ca/islandora/object/soundscapes:1986
islandora:10460,https://digital.lib.sfu.ca/islandora/object/soundscapes:1987
islandora:10464,https://digital.lib.sfu.ca/islandora/object/soundscapes:1988
islandora:10458,https://digital.lib.sfu.ca/islandora/object/soundscapes:1989
islandora:10455,https://digital.lib.sfu.ca/islandora/object/soundscapes:1990
islandora:10465,https://digital.lib.sfu.ca/islandora/object/soundscapes:1991
islandora:10461,https://digital.lib.sfu.ca/islandora/object/soundscapes:1992
islandora:10471,https://digital.lib.sfu.ca/islandora/object/soundscapes:1993
islandora:10472,https://digital.lib.sfu.ca/islandora/object/soundscapes:1994
islandora:10475,https://digital.lib.sfu.ca/islandora/object/soundscapes:1995
islandora:10476,https://digital.lib.sfu.ca/islandora/object/soundscapes:1996
islandora:10478,https://digital.lib.sfu.ca/islandora/object/soundscapes:1997
islandora:10468,https://digital.lib.sfu.ca/islandora/object/soundscapes:1998
islandora:10469,https://digital.lib.sfu.ca/islandora/object/soundscapes:1999
islandora:10467,https://digital.lib.sfu.ca/islandora/object/soundscapes:2000
islandora:10470,https://digital.lib.sfu.ca/islandora/object/soundscapes:2001
islandora:10473,https://digital.lib.sfu.ca/islandora/object/soundscapes:2002
islandora:10477,https://digital.lib.sfu.ca/islandora/object/soundscapes:2003
islandora:10474,https://digital.lib.sfu.ca/islandora/object/soundscapes:2004
islandora:10489,https://digital.lib.sfu.ca/islandora/object/soundscapes:2005
islandora:10480,https://digital.lib.sfu.ca/islandora/object/soundscapes:2006
islandora:10481,https://digital.lib.sfu.ca/islandora/object/soundscapes:2007
islandora:10484,https://digital.lib.sfu.ca/islandora/object/soundscapes:2008
islandora:10485,https://digital.lib.sfu.ca/islandora/object/soundscapes:2009
islandora:10488,https://digital.lib.sfu.ca/islandora/object/soundscapes:2010
islandora:10479,https://digital.lib.sfu.ca/islandora/object/soundscapes:2011
islandora:10482,https://digital.lib.sfu.ca/islandora/object/soundscapes:2012
islandora:10483,https://digital.lib.sfu.ca/islandora/object/soundscapes:2013
islandora:10487,https://digital.lib.sfu.ca/islandora/object/soundscapes:2014
islandora:10486,https://digital.lib.sfu.ca/islandora/object/soundscapes:2015
islandora:10500,https://digital.lib.sfu.ca/islandora/object/soundscapes:2016
islandora:10493,https://digital.lib.sfu.ca/islandora/object/soundscapes:2017
islandora:10494,https://digital.lib.sfu.ca/islandora/object/soundscapes:2018
islandora:10497,https://digital.lib.sfu.ca/islandora/object/soundscapes:2019
islandora:10498,https://digital.lib.sfu.ca/islandora/object/soundscapes:2020
islandora:10490,https://digital.lib.sfu.ca/islandora/object/soundscapes:2021
islandora:10491,https://digital.lib.sfu.ca/islandora/object/soundscapes:2022
islandora:10492,https://digital.lib.sfu.ca/islandora/object/soundscapes:2023
islandora:10496,https://digital.lib.sfu.ca/islandora/object/soundscapes:2024
islandora:10499,https://digital.lib.sfu.ca/islandora/object/soundscapes:2025
islandora:10495,https://digital.lib.sfu.ca/islandora/object/soundscapes:2026
islandora:10512,https://digital.lib.sfu.ca/islandora/object/soundscapes:2027
islandora:10505,https://digital.lib.sfu.ca/islandora/object/soundscapes:2028
islandora:10506,https://digital.lib.sfu.ca/islandora/object/soundscapes:2029
islandora:10501,https://digital.lib.sfu.ca/islandora/object/soundscapes:2030
islandora:10502,https://digital.lib.sfu.ca/islandora/object/soundscapes:2031
islandora:10508,https://digital.lib.sfu.ca/islandora/object/soundscapes:2032
islandora:10509,https://digital.lib.sfu.ca/islandora/object/soundscapes:2033
islandora:10511,https://digital.lib.sfu.ca/islandora/object/soundscapes:2034
islandora:10504,https://digital.lib.sfu.ca/islandora/object/soundscapes:2035
islandora:10510,https://digital.lib.sfu.ca/islandora/object/soundscapes:2036
islandora:10503,https://digital.lib.sfu.ca/islandora/object/soundscapes:2037
islandora:10507,https://digital.lib.sfu.ca/islandora/object/soundscapes:2038
islandora:10522,https://digital.lib.sfu.ca/islandora/object/soundscapes:2039
islandora:10523,https://digital.lib.sfu.ca/islandora/object/soundscapes:2040
islandora:10518,https://digital.lib.sfu.ca/islandora/object/soundscapes:2041
islandora:10519,https://digital.lib.sfu.ca/islandora/object/soundscapes:2042
islandora:10521,https://digital.lib.sfu.ca/islandora/object/soundscapes:2043
islandora:10514,https://digital.lib.sfu.ca/islandora/object/soundscapes:2044
islandora:10517,https://digital.lib.sfu.ca/islandora/object/soundscapes:2045
islandora:10516,https://digital.lib.sfu.ca/islandora/object/soundscapes:2046
islandora:10520,https://digital.lib.sfu.ca/islandora/object/soundscapes:2047
islandora:10515,https://digital.lib.sfu.ca/islandora/object/soundscapes:2048
islandora:10532,https://digital.lib.sfu.ca/islandora/object/soundscapes:2049
islandora:10533,https://digital.lib.sfu.ca/islandora/object/soundscapes:2050
islandora:10534,https://digital.lib.sfu.ca/islandora/object/soundscapes:2051
islandora:10525,https://digital.lib.sfu.ca/islandora/object/soundscapes:2052
islandora:10526,https://digital.lib.sfu.ca/islandora/object/soundscapes:2053
islandora:10530,https://digital.lib.sfu.ca/islandora/object/soundscapes:2054
islandora:10527,https://digital.lib.sfu.ca/islandora/object/soundscapes:2055
islandora:10524,https://digital.lib.sfu.ca/islandora/object/soundscapes:2056
islandora:10529,https://digital.lib.sfu.ca/islandora/object/soundscapes:2057
islandora:10531,https://digital.lib.sfu.ca/islandora/object/soundscapes:2058
islandora:10528,https://digital.lib.sfu.ca/islandora/object/soundscapes:2059
islandora:10539,https://digital.lib.sfu.ca/islandora/object/soundscapes:2060
islandora:10540,https://digital.lib.sfu.ca/islandora/object/soundscapes:2061
islandora:10544,https://digital.lib.sfu.ca/soundscapes-collection/vancouver-soundscapes
islandora:10543,https://digital.lib.sfu.ca/islandora/object/soundscapes:2062
islandora:10535,https://digital.lib.sfu.ca/islandora/object/soundscapes:2063
islandora:10542,https://digital.lib.sfu.ca/islandora/object/soundscapes:2064
islandora:10538,https://digital.lib.sfu.ca/islandora/object/soundscapes:2065
islandora:10541,https://digital.lib.sfu.ca/islandora/object/soundscapes:2066
islandora:10537,https://digital.lib.sfu.ca/islandora/object/soundscapes:2067
islandora:10536,https://digital.lib.sfu.ca/islandora/object/soundscapes:2068
islandora:10551,https://digital.lib.sfu.ca/islandora/object/soundscapes:2069
islandora:10552,https://digital.lib.sfu.ca/islandora/object/soundscapes:2070
islandora:10555,https://digital.lib.sfu.ca/islandora/object/soundscapes:2071
islandora:10556,https://digital.lib.sfu.ca/islandora/object/soundscapes:2072
islandora:10547,https://digital.lib.sfu.ca/islandora/object/soundscapes:2073
islandora:10548,https://digital.lib.sfu.ca/islandora/object/soundscapes:2074
islandora:10545,https://digital.lib.sfu.ca/islandora/object/soundscapes:2075
islandora:10553,https://digital.lib.sfu.ca/islandora/object/soundscapes:2076
islandora:10550,https://digital.lib.sfu.ca/islandora/object/soundscapes:2077
islandora:10554,https://digital.lib.sfu.ca/islandora/object/soundscapes:2078
islandora:10546,https://digital.lib.sfu.ca/islandora/object/soundscapes:2079
islandora:10549,https://digital.lib.sfu.ca/islandora/object/soundscapes:2080
islandora:10557,https://digital.lib.sfu.ca/islandora/object/soundscapes:2081
islandora:10558,https://digital.lib.sfu.ca/islandora/object/soundscapes:2082
islandora:10568,https://digital.lib.sfu.ca/islandora/object/soundscapes:2083
islandora:10560,https://digital.lib.sfu.ca/islandora/object/soundscapes:2084
islandora:10561,https://digital.lib.sfu.ca/islandora/object/soundscapes:2085
islandora:10567,https://digital.lib.sfu.ca/islandora/object/soundscapes:2086
islandora:10562,https://digital.lib.sfu.ca/islandora/object/soundscapes:2087
islandora:10566,https://digital.lib.sfu.ca/islandora/object/soundscapes:2088
islandora:10565,https://digital.lib.sfu.ca/islandora/object/soundscapes:2089
islandora:10564,https://digital.lib.sfu.ca/islandora/object/soundscapes:2090
islandora:10559,https://digital.lib.sfu.ca/islandora/object/soundscapes:2091
islandora:10575,https://digital.lib.sfu.ca/islandora/object/soundscapes:2092
islandora:10576,https://digital.lib.sfu.ca/islandora/object/soundscapes:2093
islandora:10579,https://digital.lib.sfu.ca/islandora/object/soundscapes:2094
islandora:10571,https://digital.lib.sfu.ca/islandora/object/soundscapes:2095
islandora:10572,https://digital.lib.sfu.ca/islandora/object/soundscapes:2096
islandora:10569,https://digital.lib.sfu.ca/islandora/object/soundscapes:2097
islandora:10578,https://digital.lib.sfu.ca/islandora/object/soundscapes:2098
islandora:10577,https://digital.lib.sfu.ca/islandora/object/soundscapes:2099
islandora:10573,https://digital.lib.sfu.ca/islandora/object/soundscapes:2100
islandora:10574,https://digital.lib.sfu.ca/islandora/object/soundscapes:2101
islandora:10570,https://digital.lib.sfu.ca/islandora/object/soundscapes:2102
islandora:10589,https://digital.lib.sfu.ca/islandora/object/soundscapes:2103
islandora:10583,https://digital.lib.sfu.ca/islandora/object/soundscapes:2104
islandora:10584,https://digital.lib.sfu.ca/islandora/object/soundscapes:2105
islandora:10580,https://digital.lib.sfu.ca/islandora/object/soundscapes:2106
islandora:10587,https://digital.lib.sfu.ca/islandora/object/soundscapes:2107
islandora:10586,https://digital.lib.sfu.ca/islandora/object/soundscapes:2108
islandora:10588,https://digital.lib.sfu.ca/islandora/object/soundscapes:2109
islandora:10581,https://digital.lib.sfu.ca/islandora/object/soundscapes:2110
islandora:10585,https://digital.lib.sfu.ca/islandora/object/soundscapes:2111
islandora:10582,https://digital.lib.sfu.ca/islandora/object/soundscapes:2112
islandora:10600,https://digital.lib.sfu.ca/islandora/object/soundscapes:2113
islandora:10597,https://digital.lib.sfu.ca/islandora/object/soundscapes:2114
islandora:10598,https://digital.lib.sfu.ca/islandora/object/soundscapes:2115
islandora:10593,https://digital.lib.sfu.ca/islandora/object/soundscapes:2116
islandora:10594,https://digital.lib.sfu.ca/islandora/object/soundscapes:2117
islandora:10591,https://digital.lib.sfu.ca/islandora/object/soundscapes:2118
islandora:10590,https://digital.lib.sfu.ca/islandora/object/soundscapes:2119
islandora:10599,https://digital.lib.sfu.ca/islandora/object/soundscapes:2120
islandora:10596,https://digital.lib.sfu.ca/islandora/object/soundscapes:2121
islandora:10592,https://digital.lib.sfu.ca/islandora/object/soundscapes:2122
islandora:10595,https://digital.lib.sfu.ca/islandora/object/soundscapes:2123
islandora:10601,https://digital.lib.sfu.ca/islandora/object/soundscapes:2124
islandora:10602,https://digital.lib.sfu.ca/islandora/object/soundscapes:2125
islandora:10603,https://digital.lib.sfu.ca/islandora/object/soundscapes:2126
islandora:10604,https://digital.lib.sfu.ca/islandora/object/soundscapes:2127
islandora:10605,https://digital.lib.sfu.ca/islandora/object/soundscapes:2128
islandora:10606,https://digital.lib.sfu.ca/islandora/object/soundscapes:2129
islandora:10607,https://digital.lib.sfu.ca/islandora/object/soundscapes:2130
islandora:10608,https://digital.lib.sfu.ca/islandora/object/soundscapes:2131
islandora:10609,https://digital.lib.sfu.ca/islandora/object/soundscapes:2132
islandora:10610,https://digital.lib.sfu.ca/islandora/object/soundscapes:2133
islandora:10611,https://digital.lib.sfu.ca/islandora/object/soundscapes:2134
islandora:10612,https://digital.lib.sfu.ca/islandora/object/soundscapes:2135
